Disease,Medicine,Usage,Symptoms,Precautions,SideEffects
Fever,Calcium Tablets,Use twice daily,High temperature,Avoid spicy food,Constipation
Eye Infection,Cough Syrup,Take before sleep,High temperature,Drink warm water,Dizziness
Vomiting,Calcium Tablets,Take before meal,Burning sensation,Do not overdose,Fatigue
Allergy,Azithromycin,Take before sleep,Sneezing and cough,Take proper rest,Constipation
Allergy,Pantoprazole,Take after meal,Body pain and weakness,Consult doctor if problem continues,Nausea
Skin Infection,Paracetamol,Take before sleep,Breathing problem,Drink warm water,Dry mouth
Weakness,Vitamin Tablets,Drink water with medicine,Body pain and weakness,Consult doctor if problem continues,Nausea
Vomiting,Paracetamol,Take after meal,Head pain and stress,Drink warm water,Dry mouth
Vomiting,Salbutamol Inhaler,Use twice daily,Head pain and stress,Avoid cold drinks,Nausea
Tooth Pain,Amlodipine,Take before sleep,High temperature,Consult doctor if problem continues,Sleepiness
Diabetes,Pain Relief Gel,Take before sleep,Vomiting and nausea,Do not overdose,Constipation
BP,Metformin,Take before sleep,Head pain and stress,Do not overdose,Sleepiness
Typhoid,Salbutamol Inhaler,Drink water with medicine,High temperature,Consult doctor if problem continues,Dry mouth
Eye Infection,Azithromycin,Use once daily,Vomiting and nausea,Avoid spicy food,Dry mouth
Ear Infection,Insulin,Use twice daily,Stomach infection,Avoid spicy food,Nausea
Diarrhea,Ibuprofen,Drink water with medicine,Body pain and weakness,Avoid spicy food,Constipation
Acidity,Amoxicillin,Use twice daily,Body pain and weakness,Consult doctor if problem continues,Sleepiness
Stomach Pain,Omeprazole,Drink water with medicine,Breathing problem,Do not overdose,Nausea
Stomach Pain,Pain Relief Gel,Take before sleep,Breathing problem,Take proper rest,Fatigue
Stomach Pain,Pain Relief Gel,Take before sleep,Stomach infection,Consult doctor if problem continues,Dizziness
Diabetes,Antibiotic Cream,Take after meal,Breathing problem,Consult doctor if problem continues,Nausea
Eye Infection,Omeprazole,Use once daily,High temperature,Avoid spicy food,Fatigue
Cough,Dolo 650,Drink water with medicine,Head pain and stress,Do not overdose,Nausea
Skin Infection,Insulin,Use once daily,High temperature,Take proper rest,Constipation
Ear Infection,Amlodipine,Use twice daily,Vomiting and nausea,Avoid cold drinks,Constipation
Cough,Amlodipine,Use once daily,High temperature,Avoid cold drinks,Dry mouth
Cold,Omeprazole,Take before meal,Body pain and weakness,Avoid cold drinks,Dizziness
Headache,Azithromycin,Take before meal,Breathing problem,Take proper rest,Fatigue
Weakness,ORS,Use twice daily,Sneezing and cough,Avoid spicy food,Fatigue
Weakness,Paracetamol,Drink water with medicine,Head pain and stress,Avoid spicy food,Constipation
Headache,Dolo 650,Take before sleep,Sneezing and cough,Do not overdose,Sleepiness
BP,Pantoprazole,Take after meal,Breathing problem,Drink warm water,Dry mouth
Asthma,Azithromycin,Drink water with medicine,Stomach infection,Avoid cold drinks,Dizziness
Ear Infection,Ibuprofen,Use twice daily,Sneezing and cough,Avoid spicy food,Sleepiness
Cough,Vitamin Tablets,Use twice daily,Vomiting and nausea,Avoid spicy food,Sleepiness
Fever,ORS,Use twice daily,Body pain and weakness,Take proper rest,Dry mouth
Skin Infection,Antibiotic Cream,Take before sleep,Stomach infection,Avoid spicy food,Sleepiness
Allergy,Azithromycin,Use twice daily,Head pain and stress,Avoid cold drinks,Constipation
Joint Pain,Pain Relief Gel,Use once daily,Head pain and stress,Do not overdose,Constipation
Tooth Pain,Pantoprazole,Take before sleep,Breathing problem,Drink warm water,Dry mouth
Fever,Cetirizine,Drink water with medicine,High temperature,Consult doctor if problem continues,Dry mouth
Skin Infection,Metformin,Drink water with medicine,Burning sensation,Avoid spicy food,Sleepiness
Eye Infection,Crocin,Take after meal,Breathing problem,Drink warm water,Sleepiness
Weakness,Cetirizine,Take after meal,Breathing problem,Avoid spicy food,Constipation
Acidity,Antacid,Use twice daily,Burning sensation,Do not overdose,Nausea
Diarrhea,Antacid,Take after meal,Burning sensation,Drink warm water,Constipation
Migraine,Insulin,Use twice daily,High temperature,Drink warm water,Fatigue
Migraine,ORS,Use once daily,Burning sensation,Consult doctor if problem continues,Nausea
Tooth Pain,Cough Syrup,Take after meal,Vomiting and nausea,Drink warm water,Dry mouth
Allergy,Antibiotic Cream,Drink water with medicine,Stomach infection,Take proper rest,Dry mouth
Asthma,Crocin,Use once daily,High temperature,Avoid cold drinks,Nausea
Asthma,Azithromycin,Use once daily,Burning sensation,Consult doctor if problem continues,Dry mouth
Cough,Omeprazole,Drink water with medicine,Burning sensation,Drink warm water,Nausea
Eye Infection,Antacid,Use twice daily,Breathing problem,Drink warm water,Dry mouth
Vomiting,Antibiotic Cream,Take before sleep,Head pain and stress,Avoid spicy food,Constipation
Fever,Omeprazole,Take after meal,Sneezing and cough,Take proper rest,Sleepiness
Skin Infection,Cough Syrup,Use once daily,Vomiting and nausea,Take proper rest,Dizziness
Diarrhea,Omeprazole,Use once daily,Body pain and weakness,Drink warm water,Dry mouth
Joint Pain,Cough Syrup,Take before meal,Breathing problem,Take proper rest,Dizziness
Skin Infection,Salbutamol Inhaler,Take before meal,Burning sensation,Take proper rest,Constipation
Weakness,Metformin,Use once daily,Head pain and stress,Do not overdose,Dry mouth
Joint Pain,Pain Relief Gel,Take before sleep,Body pain and weakness,Avoid cold drinks,Fatigue
Typhoid,Pain Relief Gel,Take after meal,Breathing problem,Take proper rest,Dizziness
Joint Pain,Antibiotic Cream,Take before meal,Body pain and weakness,Avoid spicy food,Fatigue
Skin Infection,Amoxicillin,Take before sleep,Body pain and weakness,Take proper rest,Sleepiness
Ear Infection,Cetirizine,Take after meal,Sneezing and cough,Consult doctor if problem continues,Dry mouth
Cough,Pain Relief Gel,Drink water with medicine,Head pain and stress,Take proper rest,Dry mouth
Fever,Antacid,Drink water with medicine,Sneezing and cough,Consult doctor if problem continues,Nausea
Eye Infection,Cetirizine,Take before sleep,Body pain and weakness,Take proper rest,Fatigue
Headache,Salbutamol Inhaler,Use once daily,Head pain and stress,Consult doctor if problem continues,Dizziness
Fever,Cough Syrup,Drink water with medicine,Sneezing and cough,Avoid cold drinks,Constipation
Ear Infection,Omeprazole,Take before meal,Head pain and stress,Take proper rest,Sleepiness
Typhoid,Insulin,Drink water with medicine,Stomach infection,Do not overdose,Sleepiness
Eye Infection,Metformin,Take before sleep,Sneezing and cough,Consult doctor if problem continues,Sleepiness
Headache,Calcium Tablets,Take after meal,Body pain and weakness,Avoid cold drinks,Dry mouth
Typhoid,Calcium Tablets,Drink water with medicine,High temperature,Drink warm water,Dizziness
Typhoid,Metformin,Take before sleep,Stomach infection,Drink warm water,Fatigue
Migraine,Insulin,Take before sleep,Burning sensation,Avoid spicy food,Fatigue
Fever,Pain Relief Gel,Use twice daily,Body pain and weakness,Do not overdose,Dizziness
Migraine,Cetirizine,Take before meal,Burning sensation,Drink warm water,Fatigue
Typhoid,Crocin,Use once daily,Breathing problem,Avoid cold drinks,Constipation
Acidity,Vitamin Tablets,Use once daily,Breathing problem,Avoid spicy food,Nausea
Joint Pain,Metformin,Use once daily,Breathing problem,Take proper rest,Sleepiness
Cold,Salbutamol Inhaler,Use twice daily,Body pain and weakness,Avoid cold drinks,Fatigue
Weakness,Insulin,Take before meal,Stomach infection,Consult doctor if problem continues,Sleepiness
Vomiting,Azithromycin,Use twice daily,Vomiting and nausea,Take proper rest,Constipation
Asthma,Cough Syrup,Use once daily,Head pain and stress,Drink warm water,Dry mouth
Skin Infection,Antibiotic Cream,Use once daily,High temperature,Do not overdose,Dizziness
Cough,Insulin,Drink water with medicine,Head pain and stress,Avoid spicy food,Constipation
BP,Cetirizine,Use once daily,Body pain and weakness,Do not overdose,Sleepiness
Diarrhea,Salbutamol Inhaler,Take before sleep,Burning sensation,Take proper rest,Nausea
Allergy,Antibiotic Cream,Take before sleep,Vomiting and nausea,Consult doctor if problem continues,Constipation
Asthma,Antacid,Use twice daily,Body pain and weakness,Drink warm water,Sleepiness
Ear Infection,Paracetamol,Take after meal,Body pain and weakness,Avoid cold drinks,Constipation
Vomiting,Cetirizine,Take after meal,Burning sensation,Avoid cold drinks,Sleepiness
Vomiting,Crocin,Take after meal,Body pain and weakness,Avoid cold drinks,Dizziness
Ear Infection,Paracetamol,Use twice daily,Head pain and stress,Drink warm water,Dry mouth
Ear Infection,Salbutamol Inhaler,Take before sleep,High temperature,Avoid cold drinks,Nausea
Diabetes,Amoxicillin,Take before sleep,Body pain and weakness,Do not overdose,Nausea
Skin Infection,Metformin,Use once daily,Breathing problem,Drink warm water,Sleepiness
Acidity,Crocin,Use once daily,Vomiting and nausea,Avoid spicy food,Dizziness
Vomiting,Azithromycin,Drink water with medicine,High temperature,Do not overdose,Constipation
Acidity,Dolo 650,Take before meal,Body pain and weakness,Avoid cold drinks,Dizziness
Headache,Calcium Tablets,Take after meal,Sneezing and cough,Consult doctor if problem continues,Dry mouth
Typhoid,Paracetamol,Take before sleep,Sneezing and cough,Avoid spicy food,Constipation
Tooth Pain,Crocin,Take after meal,Stomach infection,Consult doctor if problem continues,Dizziness
Ear Infection,Antacid,Use twice daily,Stomach infection,Avoid cold drinks,Dizziness
Cold,Cetirizine,Take before sleep,Sneezing and cough,Drink warm water,Dizziness
Diabetes,Ibuprofen,Use twice daily,Stomach infection,Do not overdose,Sleepiness
Skin Infection,Azithromycin,Take before sleep,Body pain and weakness,Drink warm water,Sleepiness
Eye Infection,Cough Syrup,Use once daily,High temperature,Take proper rest,Constipation
Migraine,Dolo 650,Drink water with medicine,Stomach infection,Do not overdose,Fatigue
Diarrhea,Ibuprofen,Take after meal,Sneezing and cough,Consult doctor if problem continues,Dizziness
Typhoid,Amoxicillin,Take before meal,Sneezing and cough,Consult doctor if problem continues,Constipation
Asthma,Paracetamol,Take before sleep,Stomach infection,Consult doctor if problem continues,Constipation
Weakness,Paracetamol,Use once daily,Head pain and stress,Avoid spicy food,Sleepiness
Stomach Pain,Calcium Tablets,Take before meal,Body pain and weakness,Drink warm water,Fatigue
Tooth Pain,Ibuprofen,Drink water with medicine,Sneezing and cough,Drink warm water,Fatigue
Weakness,Vitamin Tablets,Use once daily,Head pain and stress,Avoid cold drinks,Nausea
Eye Infection,Antacid,Take after meal,Body pain and weakness,Do not overdose,Dry mouth
Ear Infection,Antibiotic Cream,Take before meal,Breathing problem,Avoid spicy food,Constipation
Acidity,Omeprazole,Take before sleep,Breathing problem,Do not overdose,Nausea
Stomach Pain,Pain Relief Gel,Use once daily,Stomach infection,Avoid spicy food,Dry mouth
Skin Infection,Insulin,Take before meal,Stomach infection,Do not overdose,Nausea
Diabetes,Omeprazole,Use twice daily,Breathing problem,Avoid cold drinks,Fatigue
Vomiting,Omeprazole,Take after meal,Head pain and stress,Take proper rest,Nausea
Diabetes,Salbutamol Inhaler,Take before meal,Vomiting and nausea,Drink warm water,Sleepiness
Tooth Pain,Azithromycin,Take before sleep,Sneezing and cough,Do not overdose,Constipation
Ear Infection,Pain Relief Gel,Drink water with medicine,High temperature,Drink warm water,Fatigue
Vomiting,Pain Relief Gel,Take before sleep,Sneezing and cough,Avoid cold drinks,Dry mouth
Allergy,Azithromycin,Drink water with medicine,Stomach infection,Take proper rest,Dry mouth
Tooth Pain,Vitamin Tablets,Use once daily,Burning sensation,Take proper rest,Dry mouth
Typhoid,Salbutamol Inhaler,Use twice daily,High temperature,Do not overdose,Dizziness
Typhoid,Crocin,Take before sleep,Head pain and stress,Avoid spicy food,Nausea
BP,ORS,Take before sleep,Sneezing and cough,Do not overdose,Constipation
Migraine,Crocin,Take before meal,Sneezing and cough,Avoid cold drinks,Fatigue
Allergy,Ibuprofen,Drink water with medicine,Burning sensation,Drink warm water,Nausea
Allergy,Azithromycin,Use once daily,Head pain and stress,Consult doctor if problem continues,Sleepiness
Tooth Pain,Omeprazole,Drink water with medicine,High temperature,Do not overdose,Constipation
Typhoid,ORS,Use twice daily,Vomiting and nausea,Do not overdose,Fatigue
Asthma,Pain Relief Gel,Drink water with medicine,Stomach infection,Take proper rest,Fatigue
Cold,Amoxicillin,Drink water with medicine,Head pain and stress,Do not overdose,Dry mouth
Asthma,Antacid,Use once daily,Stomach infection,Drink warm water,Nausea
Cold,Metformin,Take before sleep,Body pain and weakness,Do not overdose,Sleepiness
Joint Pain,Calcium Tablets,Use once daily,Body pain and weakness,Consult doctor if problem continues,Sleepiness
Vomiting,Pantoprazole,Take after meal,Burning sensation,Avoid cold drinks,Fatigue
BP,Calcium Tablets,Drink water with medicine,Body pain and weakness,Do not overdose,Fatigue
Acidity,Amlodipine,Use twice daily,Sneezing and cough,Take proper rest,Fatigue
Cold,ORS,Use twice daily,Stomach infection,Avoid spicy food,Dizziness
Joint Pain,Amoxicillin,Take before meal,Breathing problem,Consult doctor if problem continues,Fatigue
Ear Infection,Amlodipine,Drink water with medicine,Body pain and weakness,Avoid spicy food,Nausea
Typhoid,Pain Relief Gel,Take after meal,Stomach infection,Consult doctor if problem continues,Sleepiness
Cough,Ibuprofen,Drink water with medicine,Vomiting and nausea,Do not overdose,Constipation
Typhoid,Amoxicillin,Drink water with medicine,Stomach infection,Take proper rest,Dizziness
Joint Pain,Ibuprofen,Take before sleep,Burning sensation,Do not overdose,Sleepiness
Weakness,Pain Relief Gel,Take before meal,Sneezing and cough,Drink warm water,Fatigue
Diabetes,Antibiotic Cream,Take before meal,Vomiting and nausea,Take proper rest,Sleepiness
Cold,Omeprazole,Take after meal,High temperature,Avoid cold drinks,Fatigue
Skin Infection,Paracetamol,Take after meal,Body pain and weakness,Drink warm water,Sleepiness
Migraine,Crocin,Take before sleep,Breathing problem,Take proper rest,Constipation
Stomach Pain,ORS,Use twice daily,Vomiting and nausea,Do not overdose,Nausea
Joint Pain,Amoxicillin,Take after meal,Stomach infection,Avoid cold drinks,Dry mouth
Asthma,Vitamin Tablets,Take after meal,Sneezing and cough,Take proper rest,Nausea
Weakness,Pantoprazole,Take before sleep,Breathing problem,Drink warm water,Sleepiness
Asthma,Crocin,Use once daily,Head pain and stress,Do not overdose,Dizziness
Stomach Pain,Omeprazole,Take before sleep,Body pain and weakness,Take proper rest,Dizziness
BP,Paracetamol,Drink water with medicine,Sneezing and cough,Consult doctor if problem continues,Fatigue
Cold,Salbutamol Inhaler,Drink water with medicine,Burning sensation,Consult doctor if problem continues,Sleepiness
Asthma,Salbutamol Inhaler,Take after meal,High temperature,Take proper rest,Sleepiness
Fever,Pantoprazole,Use once daily,Head pain and stress,Consult doctor if problem continues,Constipation
Diabetes,Azithromycin,Use once daily,Sneezing and cough,Avoid spicy food,Dry mouth
Cough,Omeprazole,Take before meal,Burning sensation,Drink warm water,Dizziness
BP,Vitamin Tablets,Take before sleep,High temperature,Drink warm water,Nausea
Skin Infection,Pantoprazole,Drink water with medicine,Sneezing and cough,Take proper rest,Sleepiness
Eye Infection,Cough Syrup,Take before sleep,Sneezing and cough,Avoid cold drinks,Nausea
Cough,Calcium Tablets,Use twice daily,Sneezing and cough,Do not overdose,Constipation
Acidity,Antibiotic Cream,Use once daily,Breathing problem,Avoid spicy food,Constipation
Typhoid,Omeprazole,Use once daily,Head pain and stress,Avoid spicy food,Constipation
Migraine,Cetirizine,Drink water with medicine,Vomiting and nausea,Avoid cold drinks,Dizziness
Fever,Antacid,Use twice daily,Breathing problem,Avoid spicy food,Dizziness
Stomach Pain,Azithromycin,Use once daily,Sneezing and cough,Drink warm water,Constipation
Skin Infection,Calcium Tablets,Drink water with medicine,Burning sensation,Consult doctor if problem continues,Sleepiness
Vomiting,Vitamin Tablets,Take after meal,High temperature,Consult doctor if problem continues,Constipation
Eye Infection,Cough Syrup,Use once daily,Head pain and stress,Do not overdose,Sleepiness
Allergy,ORS,Take before sleep,Head pain and stress,Drink warm water,Sleepiness
Fever,Crocin,Take before meal,Sneezing and cough,Consult doctor if problem continues,Constipation
Eye Infection,Antibiotic Cream,Use once daily,Stomach infection,Avoid cold drinks,Fatigue
Weakness,Antacid,Use twice daily,Breathing problem,Consult doctor if problem continues,Constipation
Tooth Pain,Insulin,Drink water with medicine,Body pain and weakness,Avoid spicy food,Constipation
Cold,Omeprazole,Take before meal,Body pain and weakness,Do not overdose,Dry mouth
Acidity,Paracetamol,Take after meal,Body pain and weakness,Take proper rest,Fatigue
Allergy,Omeprazole,Use once daily,Body pain and weakness,Take proper rest,Nausea
Cold,Metformin,Take after meal,Stomach infection,Avoid spicy food,Constipation
Typhoid,Omeprazole,Take before sleep,Sneezing and cough,Drink warm water,Sleepiness
Fever,Azithromycin,Take after meal,High temperature,Take proper rest,Dizziness
Migraine,Salbutamol Inhaler,Drink water with medicine,Body pain and weakness,Drink warm water,Nausea
Diarrhea,Pain Relief Gel,Take after meal,Sneezing and cough,Avoid spicy food,Dry mouth
Asthma,Azithromycin,Take before meal,Head pain and stress,Avoid spicy food,Nausea
Weakness,Pain Relief Gel,Take after meal,Body pain and weakness,Drink warm water,Fatigue
Diabetes,Antacid,Take after meal,Body pain and weakness,Avoid spicy food,Fatigue
Vomiting,Paracetamol,Use once daily,Head pain and stress,Drink warm water,Constipation
Eye Infection,Cough Syrup,Drink water with medicine,Head pain and stress,Avoid spicy food,Dizziness
Stomach Pain,Cetirizine,Use twice daily,Breathing problem,Take proper rest,Constipation
Skin Infection,Cetirizine,Take after meal,Body pain and weakness,Consult doctor if problem continues,Sleepiness
Joint Pain,Antacid,Drink water with medicine,Breathing problem,Avoid spicy food,Sleepiness
Typhoid,Ibuprofen,Take before meal,Stomach infection,Drink warm water,Constipation
Cough,Ibuprofen,Take before meal,High temperature,Take proper rest,Sleepiness
Typhoid,Salbutamol Inhaler,Take before sleep,High temperature,Consult doctor if problem continues,Nausea
Allergy,Ibuprofen,Use twice daily,Head pain and stress,Avoid spicy food,Fatigue
Skin Infection,Pain Relief Gel,Use once daily,Sneezing and cough,Avoid cold drinks,Nausea
Ear Infection,Crocin,Use twice daily,Head pain and stress,Take proper rest,Dizziness
BP,Crocin,Drink water with medicine,High temperature,Drink warm water,Nausea
Headache,Crocin,Use once daily,Body pain and weakness,Drink warm water,Sleepiness
Allergy,Crocin,Use twice daily,Head pain and stress,Take proper rest,Sleepiness
Diarrhea,Azithromycin,Take before sleep,Burning sensation,Take proper rest,Nausea
Eye Infection,Salbutamol Inhaler,Take after meal,Breathing problem,Drink warm water,Constipation
Tooth Pain,Ibuprofen,Take after meal,Head pain and stress,Take proper rest,Dry mouth
Cough,Metformin,Take before sleep,Sneezing and cough,Avoid spicy food,Sleepiness
Cough,Pantoprazole,Drink water with medicine,Sneezing and cough,Do not overdose,Sleepiness
Stomach Pain,ORS,Take after meal,Body pain and weakness,Do not overdose,Dry mouth
BP,Ibuprofen,Take after meal,Vomiting and nausea,Avoid cold drinks,Nausea
Fever,Cough Syrup,Drink water with medicine,Vomiting and nausea,Do not overdose,Fatigue
Diabetes,Dolo 650,Take before sleep,Stomach infection,Consult doctor if problem continues,Dry mouth
Weakness,Metformin,Use twice daily,Burning sensation,Drink warm water,Fatigue
Eye Infection,Amoxicillin,Take before sleep,Body pain and weakness,Consult doctor if problem continues,Dry mouth
Eye Infection,Amoxicillin,Use twice daily,Stomach infection,Drink warm water,Sleepiness
Typhoid,Dolo 650,Take after meal,Stomach infection,Take proper rest,Constipation
Cough,Amlodipine,Drink water with medicine,Stomach infection,Do not overdose,Sleepiness
Vomiting,Cough Syrup,Use once daily,Body pain and weakness,Drink warm water,Constipation
Typhoid,Calcium Tablets,Use twice daily,Body pain and weakness,Do not overdose,Constipation
Migraine,Pantoprazole,Use twice daily,Vomiting and nausea,Drink warm water,Dizziness
Vomiting,Pantoprazole,Use twice daily,Vomiting and nausea,Avoid spicy food,Dry mouth
Ear Infection,Cetirizine,Take before sleep,Vomiting and nausea,Avoid spicy food,Dizziness
Cough,Amlodipine,Use once daily,Breathing problem,Do not overdose,Constipation
Diarrhea,Vitamin Tablets,Use once daily,Head pain and stress,Avoid cold drinks,Nausea
Headache,ORS,Use once daily,Sneezing and cough,Drink warm water,Constipation
Vomiting,Omeprazole,Take before meal,Burning sensation,Avoid spicy food,Dizziness
Headache,Calcium Tablets,Take before sleep,Burning sensation,Avoid spicy food,Sleepiness
Joint Pain,Crocin,Use once daily,Vomiting and nausea,Take proper rest,Sleepiness
Fever,Calcium Tablets,Take before sleep,Sneezing and cough,Avoid spicy food,Nausea
Cold,Antibiotic Cream,Drink water with medicine,Burning sensation,Avoid cold drinks,Constipation
Weakness,Calcium Tablets,Use twice daily,Sneezing and cough,Avoid cold drinks,Dry mouth
Cold,Pain Relief Gel,Use twice daily,Vomiting and nausea,Take proper rest,Fatigue
Acidity,Antibiotic Cream,Drink water with medicine,Breathing problem,Avoid cold drinks,Dry mouth
Vomiting,Amlodipine,Use once daily,Stomach infection,Avoid spicy food,Fatigue
Acidity,Cough Syrup,Take before sleep,Breathing problem,Take proper rest,Constipation
Diarrhea,Metformin,Take before meal,Body pain and weakness,Drink warm water,Fatigue
Cough,Omeprazole,Use twice daily,Breathing problem,Do not overdose,Nausea
Asthma,Paracetamol,Take after meal,Vomiting and nausea,Do not overdose,Nausea
Allergy,Salbutamol Inhaler,Take after meal,High temperature,Drink warm water,Sleepiness
Cold,Amlodipine,Use twice daily,Burning sensation,Do not overdose,Nausea
Migraine,Amlodipine,Take before sleep,High temperature,Consult doctor if problem continues,Nausea
Diarrhea,Vitamin Tablets,Drink water with medicine,Sneezing and cough,Avoid spicy food,Fatigue
Ear Infection,Salbutamol Inhaler,Take before sleep,High temperature,Avoid spicy food,Dizziness
Ear Infection,Amoxicillin,Take before sleep,High temperature,Drink warm water,Nausea
Joint Pain,Ibuprofen,Take before sleep,Stomach infection,Do not overdose,Sleepiness
Joint Pain,Azithromycin,Take before meal,Sneezing and cough,Take proper rest,Constipation
Tooth Pain,Pain Relief Gel,Take before sleep,Breathing problem,Drink warm water,Fatigue
Diarrhea,Cough Syrup,Drink water with medicine,Body pain and weakness,Avoid cold drinks,Constipation
Cold,Salbutamol Inhaler,Take before sleep,Breathing problem,Do not overdose,Sleepiness
Headache,Antacid,Take before meal,Sneezing and cough,Avoid spicy food,Fatigue
Cold,Omeprazole,Take before sleep,Body pain and weakness,Do not overdose,Nausea
Stomach Pain,Pain Relief Gel,Use twice daily,Stomach infection,Consult doctor if problem continues,Sleepiness
Tooth Pain,Pantoprazole,Take after meal,Vomiting and nausea,Take proper rest,Nausea
Allergy,Pain Relief Gel,Take before sleep,Head pain and stress,Take proper rest,Sleepiness
Ear Infection,Calcium Tablets,Use twice daily,Breathing problem,Take proper rest,Sleepiness
Diabetes,Vitamin Tablets,Drink water with medicine,Head pain and stress,Do not overdose,Sleepiness
Asthma,Paracetamol,Take before meal,Sneezing and cough,Consult doctor if problem continues,Fatigue
Skin Infection,Dolo 650,Take after meal,Burning sensation,Drink warm water,Nausea
Fever,Pain Relief Gel,Use once daily,Sneezing and cough,Take proper rest,Sleepiness
Diarrhea,Metformin,Use twice daily,Burning sensation,Avoid cold drinks,Nausea
Typhoid,Cough Syrup,Use once daily,Breathing problem,Avoid spicy food,Sleepiness
Diarrhea,Cetirizine,Drink water with medicine,Burning sensation,Avoid cold drinks,Fatigue
Stomach Pain,Cetirizine,Take before meal,Vomiting and nausea,Avoid cold drinks,Dry mouth
Tooth Pain,ORS,Drink water with medicine,Stomach infection,Consult doctor if problem continues,Constipation
Diabetes,Azithromycin,Take after meal,Body pain and weakness,Do not overdose,Dizziness
Acidity,Pantoprazole,Use once daily,Burning sensation,Avoid cold drinks,Dry mouth
Diarrhea,Cough Syrup,Use once daily,Breathing problem,Do not overdose,Dizziness
Diarrhea,Crocin,Take before sleep,Vomiting and nausea,Do not overdose,Sleepiness
Eye Infection,Antibiotic Cream,Use once daily,Burning sensation,Consult doctor if problem continues,Dry mouth
Fever,Azithromycin,Take before meal,Stomach infection,Avoid spicy food,Dry mouth
Eye Infection,Calcium Tablets,Drink water with medicine,Body pain and weakness,Avoid cold drinks,Constipation
Allergy,Cough Syrup,Drink water with medicine,Vomiting and nausea,Avoid cold drinks,Fatigue
Skin Infection,Amoxicillin,Use once daily,Breathing problem,Avoid spicy food,Constipation
Typhoid,Antacid,Drink water with medicine,High temperature,Drink warm water,Dry mouth
Ear Infection,Vitamin Tablets,Take before meal,Body pain and weakness,Consult doctor if problem continues,Nausea
Eye Infection,Amoxicillin,Take before meal,Breathing problem,Avoid cold drinks,Dizziness
Fever,Dolo 650,Use twice daily,Stomach infection,Take proper rest,Sleepiness
Migraine,Cough Syrup,Use once daily,Burning sensation,Avoid cold drinks,Dry mouth
Diabetes,Antibiotic Cream,Take before meal,Stomach infection,Avoid cold drinks,Fatigue
Fever,Omeprazole,Drink water with medicine,Burning sensation,Avoid cold drinks,Dry mouth
Headache,Antibiotic Cream,Take before sleep,Head pain and stress,Drink warm water,Constipation
Joint Pain,Vitamin Tablets,Use twice daily,Body pain and weakness,Avoid cold drinks,Dizziness
Acidity,Ibuprofen,Take before meal,High temperature,Avoid cold drinks,Nausea
Eye Infection,Calcium Tablets,Use once daily,Sneezing and cough,Consult doctor if problem continues,Dry mouth
Joint Pain,ORS,Drink water with medicine,Burning sensation,Consult doctor if problem continues,Sleepiness
Allergy,Vitamin Tablets,Take after meal,Stomach infection,Take proper rest,Sleepiness
Fever,Antibiotic Cream,Take after meal,High temperature,Do not overdose,Fatigue
Cough,Salbutamol Inhaler,Use once daily,Breathing problem,Avoid spicy food,Dizziness
Asthma,Calcium Tablets,Take before sleep,Stomach infection,Take proper rest,Dizziness
Cough,Metformin,Drink water with medicine,High temperature,Drink warm water,Constipation
BP,Insulin,Drink water with medicine,High temperature,Consult doctor if problem continues,Constipation
Diabetes,Antibiotic Cream,Use twice daily,Burning sensation,Consult doctor if problem continues,Fatigue
Cold,Ibuprofen,Use twice daily,Body pain and weakness,Do not overdose,Dry mouth
Weakness,Dolo 650,Take after meal,Body pain and weakness,Avoid spicy food,Fatigue
Acidity,Insulin,Take before sleep,Sneezing and cough,Take proper rest,Dry mouth
Vomiting,Antibiotic Cream,Drink water with medicine,High temperature,Drink warm water,Fatigue
Headache,Pantoprazole,Take before meal,Stomach infection,Do not overdose,Sleepiness
Diabetes,Pantoprazole,Take after meal,Breathing problem,Consult doctor if problem continues,Fatigue
Cough,Dolo 650,Take before meal,Body pain and weakness,Drink warm water,Sleepiness
Cough,Paracetamol,Use twice daily,Sneezing and cough,Avoid spicy food,Dizziness
Diabetes,Amlodipine,Use once daily,High temperature,Do not overdose,Constipation
Tooth Pain,Paracetamol,Use twice daily,Breathing problem,Avoid spicy food,Sleepiness
Diarrhea,Amlodipine,Take before sleep,High temperature,Avoid cold drinks,Fatigue
Tooth Pain,Amoxicillin,Use twice daily,Breathing problem,Consult doctor if problem continues,Constipation
Stomach Pain,Ibuprofen,Drink water with medicine,Head pain and stress,Avoid spicy food,Sleepiness
BP,ORS,Drink water with medicine,High temperature,Do not overdose,Dry mouth
Migraine,Antacid,Take before sleep,Vomiting and nausea,Consult doctor if problem continues,Sleepiness
Joint Pain,Ibuprofen,Take after meal,Vomiting and nausea,Drink warm water,Dizziness
Typhoid,Amoxicillin,Drink water with medicine,High temperature,Take proper rest,Nausea
Weakness,Insulin,Drink water with medicine,Body pain and weakness,Avoid cold drinks,Constipation
Acidity,Metformin,Take after meal,Stomach infection,Drink warm water,Fatigue
Weakness,Insulin,Use once daily,High temperature,Drink warm water,Dry mouth
Joint Pain,Antibiotic Cream,Take after meal,Breathing problem,Avoid cold drinks,Nausea
Weakness,Vitamin Tablets,Use twice daily,Breathing problem,Do not overdose,Dry mouth
Stomach Pain,Amoxicillin,Use once daily,Vomiting and nausea,Avoid cold drinks,Constipation
Diarrhea,Omeprazole,Take before sleep,Body pain and weakness,Avoid spicy food,Fatigue
Allergy,Pain Relief Gel,Take before meal,Sneezing and cough,Do not overdose,Nausea
Tooth Pain,Calcium Tablets,Take before sleep,Burning sensation,Do not overdose,Sleepiness
Ear Infection,Pantoprazole,Take before meal,Burning sensation,Drink warm water,Dry mouth
Cough,Ibuprofen,Take after meal,Burning sensation,Avoid spicy food,Dry mouth
Cough,Paracetamol,Take after meal,Burning sensation,Consult doctor if problem continues,Nausea
Eye Infection,Ibuprofen,Drink water with medicine,Sneezing and cough,Drink warm water,Nausea
Asthma,Metformin,Drink water with medicine,Head pain and stress,Drink warm water,Fatigue
Allergy,Crocin,Take after meal,Body pain and weakness,Take proper rest,Fatigue
Typhoid,Cetirizine,Take before sleep,High temperature,Consult doctor if problem continues,Dizziness
Headache,Cough Syrup,Take before sleep,High temperature,Take proper rest,Constipation
Fever,Antacid,Use twice daily,Stomach infection,Avoid cold drinks,Sleepiness
Eye Infection,Amlodipine,Take after meal,Head pain and stress,Consult doctor if problem continues,Nausea
Vomiting,Calcium Tablets,Drink water with medicine,High temperature,Drink warm water,Dizziness
Eye Infection,ORS,Use twice daily,Body pain and weakness,Take proper rest,Dry mouth
Weakness,Cetirizine,Drink water with medicine,High temperature,Consult doctor if problem continues,Dizziness
Tooth Pain,Antibiotic Cream,Take before meal,Body pain and weakness,Do not overdose,Fatigue
Weakness,Metformin,Take before sleep,Head pain and stress,Consult doctor if problem continues,Constipation
Eye Infection,Cetirizine,Use once daily,Breathing problem,Drink warm water,Dry mouth
Cough,Salbutamol Inhaler,Use twice daily,Vomiting and nausea,Drink warm water,Constipation
Asthma,Cetirizine,Take before sleep,Head pain and stress,Avoid spicy food,Dizziness
Cough,Insulin,Take before meal,Burning sensation,Take proper rest,Dizziness
Weakness,Antibiotic Cream,Use twice daily,Breathing problem,Do not overdose,Constipation
Typhoid,Amoxicillin,Take before sleep,Head pain and stress,Consult doctor if problem continues,Sleepiness
Migraine,Insulin,Use twice daily,High temperature,Take proper rest,Nausea
Fever,Insulin,Use once daily,Stomach infection,Avoid cold drinks,Dizziness
Stomach Pain,Amlodipine,Use once daily,Vomiting and nausea,Do not overdose,Dry mouth
Allergy,Omeprazole,Take before sleep,Head pain and stress,Take proper rest,Dry mouth
Stomach Pain,Amlodipine,Take before sleep,Sneezing and cough,Take proper rest,Constipation
Tooth Pain,Pantoprazole,Take after meal,Head pain and stress,Take proper rest,Dry mouth
Skin Infection,Cough Syrup,Take after meal,Breathing problem,Avoid spicy food,Constipation
Weakness,Pantoprazole,Take before sleep,High temperature,Avoid spicy food,Dry mouth
Fever,Crocin,Take after meal,Vomiting and nausea,Take proper rest,Fatigue
Stomach Pain,Calcium Tablets,Take before meal,Burning sensation,Consult doctor if problem continues,Constipation
Vomiting,Antacid,Take before meal,Breathing problem,Do not overdose,Dizziness
Cold,Amoxicillin,Drink water with medicine,Vomiting and nausea,Do not overdose,Dry mouth
Cough,Cetirizine,Take before meal,High temperature,Consult doctor if problem continues,Dizziness
Skin Infection,Amoxicillin,Take before meal,Vomiting and nausea,Take proper rest,Dizziness
Eye Infection,Dolo 650,Take before meal,Head pain and stress,Do not overdose,Constipation
Asthma,Cetirizine,Drink water with medicine,High temperature,Consult doctor if problem continues,Constipation
Ear Infection,Amoxicillin,Use twice daily,Head pain and stress,Drink warm water,Nausea
Allergy,Crocin,Use twice daily,Vomiting and nausea,Drink warm water,Dry mouth
Vomiting,Antacid,Use twice daily,Burning sensation,Consult doctor if problem continues,Dizziness
BP,Insulin,Use once daily,Stomach infection,Avoid spicy food,Fatigue
Allergy,Cetirizine,Take after meal,Stomach infection,Take proper rest,Fatigue
Migraine,Omeprazole,Take before meal,High temperature,Take proper rest,Constipation
Acidity,Ibuprofen,Drink water with medicine,Sneezing and cough,Drink warm water,Sleepiness
Diabetes,Cough Syrup,Use twice daily,Sneezing and cough,Take proper rest,Fatigue
Cough,Crocin,Drink water with medicine,Burning sensation,Take proper rest,Constipation
Diabetes,Paracetamol,Use once daily,Vomiting and nausea,Consult doctor if problem continues,Dry mouth
Vomiting,Calcium Tablets,Take before sleep,High temperature,Consult doctor if problem continues,Dizziness
Diarrhea,Ibuprofen,Take before sleep,Burning sensation,Drink warm water,Fatigue
Eye Infection,Paracetamol,Take before sleep,Head pain and stress,Avoid spicy food,Fatigue
Stomach Pain,Vitamin Tablets,Use twice daily,High temperature,Avoid spicy food,Dizziness
Weakness,Cough Syrup,Take before meal,High temperature,Do not overdose,Fatigue
Diabetes,Cetirizine,Take before meal,Breathing problem,Consult doctor if problem continues,Dry mouth
Migraine,Antacid,Take after meal,Head pain and stress,Do not overdose,Sleepiness
Allergy,Pain Relief Gel,Take after meal,Vomiting and nausea,Consult doctor if problem continues,Dizziness
Ear Infection,Paracetamol,Drink water with medicine,Stomach infection,Consult doctor if problem continues,Nausea
Migraine,Amoxicillin,Use twice daily,Body pain and weakness,Drink warm water,Dry mouth
Diarrhea,Calcium Tablets,Drink water with medicine,Sneezing and cough,Avoid cold drinks,Dry mouth
Migraine,Cough Syrup,Use twice daily,Vomiting and nausea,Consult doctor if problem continues,Sleepiness
Asthma,Cough Syrup,Take before sleep,Burning sensation,Drink warm water,Fatigue
Weakness,Insulin,Take before meal,Stomach infection,Avoid spicy food,Fatigue
Skin Infection,Pain Relief Gel,Drink water with medicine,Head pain and stress,Drink warm water,Dizziness
Allergy,Cetirizine,Use once daily,Head pain and stress,Take proper rest,Dry mouth
Skin Infection,Amlodipine,Take before meal,Stomach infection,Consult doctor if problem continues,Dizziness
Skin Infection,Calcium Tablets,Take before meal,Head pain and stress,Do not overdose,Nausea
BP,Omeprazole,Use twice daily,High temperature,Consult doctor if problem continues,Dry mouth
Headache,Amoxicillin,Take before sleep,Burning sensation,Do not overdose,Dry mouth
Typhoid,Calcium Tablets,Drink water with medicine,Vomiting and nausea,Avoid spicy food,Nausea
Tooth Pain,Paracetamol,Use twice daily,Head pain and stress,Take proper rest,Fatigue
Cold,Ibuprofen,Take before sleep,Sneezing and cough,Consult doctor if problem continues,Fatigue
Joint Pain,Vitamin Tablets,Take before sleep,High temperature,Do not overdose,Sleepiness
Migraine,Omeprazole,Drink water with medicine,Head pain and stress,Do not overdose,Sleepiness
Diarrhea,Pain Relief Gel,Take after meal,Stomach infection,Drink warm water,Fatigue
BP,Pantoprazole,Use twice daily,Burning sensation,Drink warm water,Fatigue
Allergy,Antacid,Take after meal,Burning sensation,Avoid cold drinks,Dry mouth
Weakness,Pantoprazole,Use once daily,Burning sensation,Take proper rest,Constipation
Headache,Amoxicillin,Use twice daily,High temperature,Avoid cold drinks,Nausea
Typhoid,Antacid,Take after meal,High temperature,Drink warm water,Sleepiness
Joint Pain,Insulin,Take before sleep,Body pain and weakness,Drink warm water,Constipation
Stomach Pain,Cough Syrup,Take before meal,Head pain and stress,Take proper rest,Fatigue
Tooth Pain,Salbutamol Inhaler,Use twice daily,High temperature,Avoid cold drinks,Dry mouth
BP,Vitamin Tablets,Drink water with medicine,Stomach infection,Avoid cold drinks,Dry mouth
Vomiting,Cetirizine,Use once daily,Head pain and stress,Take proper rest,Nausea
BP,ORS,Drink water with medicine,High temperature,Avoid cold drinks,Dizziness
Acidity,Salbutamol Inhaler,Take before sleep,Vomiting and nausea,Consult doctor if problem continues,Dry mouth
BP,Azithromycin,Use twice daily,Sneezing and cough,Avoid spicy food,Dry mouth
Eye Infection,Cetirizine,Take before meal,High temperature,Drink warm water,Sleepiness
Weakness,Metformin,Take before sleep,High temperature,Consult doctor if problem continues,Nausea
BP,Insulin,Take before sleep,Breathing problem,Drink warm water,Nausea
Weakness,ORS,Use once daily,Sneezing and cough,Take proper rest,Constipation
Ear Infection,Cough Syrup,Take before meal,Body pain and weakness,Consult doctor if problem continues,Dry mouth
Cold,Ibuprofen,Use twice daily,Body pain and weakness,Avoid spicy food,Dizziness
Vomiting,Amlodipine,Take before meal,High temperature,Avoid spicy food,Nausea
Headache,Antacid,Take before meal,Burning sensation,Consult doctor if problem continues,Constipation
Cold,Ibuprofen,Take before sleep,High temperature,Drink warm water,Sleepiness
Acidity,Pain Relief Gel,Take after meal,Body pain and weakness,Drink warm water,Fatigue
Diarrhea,Azithromycin,Take after meal,Breathing problem,Do not overdose,Constipation
Skin Infection,Amoxicillin,Use twice daily,Head pain and stress,Drink warm water,Nausea
Diarrhea,Ibuprofen,Use once daily,Stomach infection,Avoid cold drinks,Nausea
Headache,Vitamin Tablets,Drink water with medicine,Vomiting and nausea,Avoid spicy food,Dizziness
Fever,Pain Relief Gel,Take after meal,Sneezing and cough,Consult doctor if problem continues,Nausea
Tooth Pain,Antibiotic Cream,Use once daily,High temperature,Avoid cold drinks,Dizziness
Cough,Ibuprofen,Drink water with medicine,Stomach infection,Avoid spicy food,Nausea
Acidity,Omeprazole,Take after meal,Stomach infection,Drink warm water,Nausea
Joint Pain,ORS,Take before sleep,Body pain and weakness,Consult doctor if problem continues,Constipation
Diabetes,Ibuprofen,Take after meal,Head pain and stress,Avoid cold drinks,Sleepiness
Cough,Pain Relief Gel,Use twice daily,High temperature,Avoid cold drinks,Nausea
Weakness,Paracetamol,Use once daily,Breathing problem,Drink warm water,Sleepiness
Vomiting,Salbutamol Inhaler,Use twice daily,Head pain and stress,Avoid cold drinks,Sleepiness
Asthma,Vitamin Tablets,Use twice daily,Head pain and stress,Drink warm water,Dry mouth
Acidity,Crocin,Drink water with medicine,Vomiting and nausea,Do not overdose,Constipation
Diarrhea,ORS,Take before sleep,Body pain and weakness,Consult doctor if problem continues,Fatigue
Allergy,Cough Syrup,Take before sleep,Head pain and stress,Avoid cold drinks,Dizziness
Fever,Pain Relief Gel,Take before sleep,Vomiting and nausea,Drink warm water,Constipation
Skin Infection,Antacid,Take before sleep,Sneezing and cough,Take proper rest,Fatigue
BP,Amlodipine,Take before meal,Sneezing and cough,Consult doctor if problem continues,Sleepiness
Joint Pain,Azithromycin,Take before sleep,Body pain and weakness,Avoid cold drinks,Fatigue
BP,Ibuprofen,Use once daily,Burning sensation,Take proper rest,Constipation
Typhoid,Pain Relief Gel,Use once daily,Sneezing and cough,Take proper rest,Constipation
Skin Infection,Calcium Tablets,Use twice daily,High temperature,Avoid spicy food,Constipation
Allergy,Calcium Tablets,Take after meal,Body pain and weakness,Drink warm water,Dizziness
Skin Infection,Cetirizine,Take before sleep,Sneezing and cough,Take proper rest,Dizziness
Allergy,Vitamin Tablets,Use twice daily,High temperature,Drink warm water,Dry mouth
Eye Infection,Omeprazole,Take before sleep,Burning sensation,Take proper rest,Dizziness
Migraine,Metformin,Use twice daily,Vomiting and nausea,Consult doctor if problem continues,Nausea
Headache,Antacid,Use once daily,Sneezing and cough,Drink warm water,Dizziness
Typhoid,Salbutamol Inhaler,Take before sleep,Sneezing and cough,Take proper rest,Dry mouth
Vomiting,Pantoprazole,Take before meal,Breathing problem,Avoid cold drinks,Sleepiness
BP,Dolo 650,Use twice daily,Breathing problem,Avoid cold drinks,Constipation
Headache,Dolo 650,Use twice daily,High temperature,Drink warm water,Dry mouth
BP,Cough Syrup,Use twice daily,Body pain and weakness,Avoid spicy food,Fatigue
Joint Pain,Paracetamol,Use once daily,High temperature,Avoid spicy food,Dry mouth
Eye Infection,Ibuprofen,Take after meal,Vomiting and nausea,Do not overdose,Constipation
Stomach Pain,Metformin,Use once daily,Burning sensation,Drink warm water,Sleepiness
Acidity,Cetirizine,Take before meal,Breathing problem,Consult doctor if problem continues,Dry mouth
Fever,Calcium Tablets,Drink water with medicine,Head pain and stress,Avoid spicy food,Sleepiness
Headache,Paracetamol,Use twice daily,Burning sensation,Do not overdose,Fatigue
Fever,Amlodipine,Use once daily,High temperature,Do not overdose,Dry mouth
Joint Pain,Metformin,Take after meal,Sneezing and cough,Do not overdose,Fatigue
Fever,Paracetamol,Use twice daily,Vomiting and nausea,Take proper rest,Dizziness
Stomach Pain,ORS,Drink water with medicine,High temperature,Take proper rest,Dizziness
Cold,Paracetamol,Take after meal,Vomiting and nausea,Avoid spicy food,Fatigue
BP,Insulin,Take before sleep,Head pain and stress,Avoid cold drinks,Nausea
Cough,Amlodipine,Drink water with medicine,Body pain and weakness,Avoid spicy food,Nausea
Cold,Ibuprofen,Take after meal,Sneezing and cough,Take proper rest,Dizziness
Ear Infection,Amoxicillin,Take after meal,High temperature,Take proper rest,Constipation
Acidity,Dolo 650,Use twice daily,Stomach infection,Avoid cold drinks,Constipation
Allergy,Paracetamol,Take before meal,Head pain and stress,Consult doctor if problem continues,Dry mouth
Headache,Amoxicillin,Take before sleep,Sneezing and cough,Take proper rest,Sleepiness
Migraine,Amoxicillin,Use once daily,Vomiting and nausea,Consult doctor if problem continues,Dizziness
Vomiting,Paracetamol,Take before sleep,Vomiting and nausea,Take proper rest,Dizziness
Weakness,Salbutamol Inhaler,Drink water with medicine,Head pain and stress,Avoid cold drinks,Nausea
Ear Infection,Amlodipine,Take before sleep,High temperature,Drink warm water,Fatigue
Migraine,Metformin,Take before meal,Burning sensation,Consult doctor if problem continues,Dizziness
Weakness,Vitamin Tablets,Take before sleep,Burning sensation,Avoid spicy food,Dry mouth
Joint Pain,Calcium Tablets,Take after meal,High temperature,Drink warm water,Sleepiness
Stomach Pain,Insulin,Drink water with medicine,Sneezing and cough,Avoid cold drinks,Fatigue
Tooth Pain,Amoxicillin,Use once daily,Burning sensation,Take proper rest,Sleepiness
Headache,Cetirizine,Use twice daily,Head pain and stress,Avoid spicy food,Fatigue
Headache,Amlodipine,Use once daily,Vomiting and nausea,Take proper rest,Sleepiness
Cold,Cetirizine,Use twice daily,Vomiting and nausea,Drink warm water,Sleepiness
Headache,Amoxicillin,Drink water with medicine,High temperature,Drink warm water,Dizziness
Cold,Metformin,Use twice daily,High temperature,Drink warm water,Constipation
Eye Infection,Vitamin Tablets,Use once daily,Body pain and weakness,Avoid cold drinks,Nausea
Headache,Pantoprazole,Use once daily,Sneezing and cough,Take proper rest,Fatigue
Allergy,Omeprazole,Take before meal,Stomach infection,Drink warm water,Fatigue
Vomiting,Paracetamol,Use once daily,Sneezing and cough,Do not overdose,Fatigue
Fever,Cetirizine,Drink water with medicine,Head pain and stress,Drink warm water,Dizziness
Cough,Ibuprofen,Take after meal,Burning sensation,Avoid cold drinks,Dry mouth
Vomiting,Vitamin Tablets,Take after meal,Breathing problem,Do not overdose,Nausea
Diabetes,Amoxicillin,Take before sleep,Stomach infection,Drink warm water,Fatigue
Cough,Insulin,Take after meal,Burning sensation,Consult doctor if problem continues,Dry mouth
Eye Infection,Ibuprofen,Use once daily,Breathing problem,Take proper rest,Fatigue
Joint Pain,Omeprazole,Drink water with medicine,Breathing problem,Do not overdose,Nausea
Joint Pain,Pantoprazole,Take before meal,Burning sensation,Avoid cold drinks,Constipation
Headache,Amlodipine,Take after meal,Body pain and weakness,Do not overdose,Nausea
Migraine,Salbutamol Inhaler,Take before sleep,Stomach infection,Consult doctor if problem continues,Dry mouth
Migraine,Dolo 650,Take before meal,Burning sensation,Take proper rest,Constipation
Migraine,Crocin,Take after meal,Vomiting and nausea,Consult doctor if problem continues,Fatigue
Fever,Amlodipine,Drink water with medicine,Burning sensation,Avoid spicy food,Constipation
Ear Infection,Calcium Tablets,Take before meal,Burning sensation,Drink warm water,Dizziness
Weakness,Amoxicillin,Drink water with medicine,Vomiting and nausea,Take proper rest,Dizziness
Joint Pain,Antacid,Use once daily,Head pain and stress,Take proper rest,Nausea
Typhoid,Amoxicillin,Take before meal,Body pain and weakness,Avoid cold drinks,Fatigue
Cold,Antacid,Take before meal,Burning sensation,Consult doctor if problem continues,Dry mouth
Asthma,Insulin,Use twice daily,Head pain and stress,Take proper rest,Dry mouth
Diarrhea,Omeprazole,Take after meal,Burning sensation,Avoid cold drinks,Dry mouth
Cough,ORS,Take before sleep,Sneezing and cough,Avoid spicy food,Dizziness
Headache,Crocin,Take before sleep,Vomiting and nausea,Avoid spicy food,Dizziness
Asthma,Pain Relief Gel,Use twice daily,Sneezing and cough,Avoid spicy food,Nausea
Diabetes,Pantoprazole,Drink water with medicine,Burning sensation,Do not overdose,Sleepiness
Typhoid,Pain Relief Gel,Use once daily,Breathing problem,Avoid cold drinks,Dry mouth
Stomach Pain,Amlodipine,Use once daily,Body pain and weakness,Do not overdose,Dry mouth
Weakness,Pain Relief Gel,Drink water with medicine,Vomiting and nausea,Do not overdose,Constipation
Vomiting,Pain Relief Gel,Use once daily,Vomiting and nausea,Take proper rest,Fatigue
Headache,ORS,Take after meal,Sneezing and cough,Avoid spicy food,Dry mouth
Fever,Antibiotic Cream,Take after meal,Breathing problem,Avoid spicy food,Sleepiness
Cold,Cetirizine,Use twice daily,Breathing problem,Drink warm water,Nausea
Allergy,Calcium Tablets,Use twice daily,Stomach infection,Avoid spicy food,Constipation
Allergy,ORS,Take before meal,Vomiting and nausea,Do not overdose,Nausea
Headache,Azithromycin,Take before sleep,High temperature,Do not overdose,Dizziness
Typhoid,Pain Relief Gel,Take after meal,Vomiting and nausea,Avoid cold drinks,Constipation
Weakness,Antibiotic Cream,Use once daily,Burning sensation,Do not overdose,Fatigue
Stomach Pain,Insulin,Drink water with medicine,Burning sensation,Take proper rest,Sleepiness
Typhoid,Vitamin Tablets,Use twice daily,Body pain and weakness,Drink warm water,Constipation
BP,Dolo 650,Take before sleep,High temperature,Drink warm water,Constipation
Fever,Cetirizine,Drink water with medicine,Breathing problem,Consult doctor if problem continues,Constipation
Headache,Amlodipine,Take after meal,Stomach infection,Consult doctor if problem continues,Dizziness
Stomach Pain,Antibiotic Cream,Use twice daily,Vomiting and nausea,Avoid cold drinks,Fatigue
Allergy,Cough Syrup,Use once daily,Sneezing and cough,Take proper rest,Constipation
Diarrhea,Crocin,Use once daily,Burning sensation,Avoid spicy food,Fatigue
Vomiting,Metformin,Take before sleep,Head pain and stress,Avoid cold drinks,Constipation
Vomiting,Cough Syrup,Use twice daily,Breathing problem,Do not overdose,Constipation
Stomach Pain,Pantoprazole,Take before sleep,Body pain and weakness,Drink warm water,Dizziness
Diarrhea,Ibuprofen,Use twice daily,Body pain and weakness,Drink warm water,Fatigue
Typhoid,ORS,Use twice daily,Head pain and stress,Consult doctor if problem continues,Dizziness
Diabetes,Pain Relief Gel,Take after meal,Burning sensation,Drink warm water,Nausea
Typhoid,Pantoprazole,Drink water with medicine,Burning sensation,Drink warm water,Sleepiness
BP,Metformin,Use once daily,High temperature,Consult doctor if problem continues,Sleepiness
Skin Infection,Cough Syrup,Take before meal,Body pain and weakness,Consult doctor if problem continues,Dizziness
Stomach Pain,Antacid,Drink water with medicine,Vomiting and nausea,Drink warm water,Dizziness
Asthma,Dolo 650,Take before meal,Breathing problem,Avoid spicy food,Fatigue
Allergy,Omeprazole,Drink water with medicine,Head pain and stress,Drink warm water,Dry mouth
Typhoid,Salbutamol Inhaler,Drink water with medicine,Sneezing and cough,Drink warm water,Constipation
Asthma,Omeprazole,Drink water with medicine,Sneezing and cough,Consult doctor if problem continues,Nausea
Ear Infection,Calcium Tablets,Take after meal,Head pain and stress,Drink warm water,Nausea
Acidity,Cetirizine,Drink water with medicine,Body pain and weakness,Do not overdose,Sleepiness
Vomiting,Cough Syrup,Use twice daily,High temperature,Take proper rest,Dry mouth
Asthma,Pantoprazole,Take after meal,Body pain and weakness,Avoid spicy food,Constipation
Tooth Pain,Amoxicillin,Take after meal,Breathing problem,Consult doctor if problem continues,Dizziness
Ear Infection,Azithromycin,Use twice daily,Vomiting and nausea,Drink warm water,Constipation
Weakness,ORS,Use once daily,Vomiting and nausea,Do not overdose,Dizziness
Diabetes,Dolo 650,Use once daily,Body pain and weakness,Avoid spicy food,Dry mouth
Skin Infection,Antibiotic Cream,Use twice daily,Burning sensation,Take proper rest,Constipation
Vomiting,Calcium Tablets,Take after meal,Vomiting and nausea,Take proper rest,Fatigue
Typhoid,ORS,Take before meal,Burning sensation,Do not overdose,Constipation
Acidity,Crocin,Use twice daily,High temperature,Do not overdose,Nausea
Migraine,Cough Syrup,Use twice daily,Sneezing and cough,Avoid cold drinks,Dry mouth
BP,ORS,Take before sleep,High temperature,Do not overdose,Dizziness
Vomiting,Pain Relief Gel,Use once daily,Body pain and weakness,Take proper rest,Fatigue
Ear Infection,Calcium Tablets,Use once daily,Stomach infection,Avoid spicy food,Dizziness
Weakness,Omeprazole,Use once daily,High temperature,Avoid cold drinks,Fatigue
Acidity,ORS,Take before sleep,Stomach infection,Avoid cold drinks,Nausea
Diabetes,Dolo 650,Use twice daily,Body pain and weakness,Avoid spicy food,Constipation
Tooth Pain,Pantoprazole,Take before meal,Sneezing and cough,Avoid cold drinks,Fatigue
Migraine,Ibuprofen,Drink water with medicine,Breathing problem,Consult doctor if problem continues,Sleepiness
Asthma,Paracetamol,Take after meal,Sneezing and cough,Do not overdose,Dry mouth
Ear Infection,Paracetamol,Drink water with medicine,Vomiting and nausea,Do not overdose,Dry mouth
Diarrhea,ORS,Take after meal,Burning sensation,Avoid cold drinks,Dry mouth
Typhoid,Dolo 650,Take after meal,Head pain and stress,Avoid cold drinks,Dry mouth
Headache,Crocin,Use once daily,Vomiting and nausea,Avoid spicy food,Fatigue
Stomach Pain,Crocin,Take after meal,Stomach infection,Drink warm water,Nausea
Typhoid,Calcium Tablets,Take before meal,Body pain and weakness,Do not overdose,Fatigue
Eye Infection,Metformin,Take after meal,Vomiting and nausea,Avoid cold drinks,Nausea
Vomiting,Cetirizine,Use twice daily,Head pain and stress,Consult doctor if problem continues,Fatigue
Ear Infection,Dolo 650,Drink water with medicine,Vomiting and nausea,Take proper rest,Dry mouth
Cold,Crocin,Take before meal,High temperature,Do not overdose,Dry mouth
Cough,Amlodipine,Use twice daily,Sneezing and cough,Drink warm water,Dry mouth
Allergy,Dolo 650,Take before meal,Body pain and weakness,Avoid spicy food,Dizziness
Vomiting,Antacid,Use twice daily,Vomiting and nausea,Do not overdose,Sleepiness
Asthma,Antibiotic Cream,Take after meal,Burning sensation,Consult doctor if problem continues,Nausea
Asthma,Salbutamol Inhaler,Take after meal,Sneezing and cough,Consult doctor if problem continues,Sleepiness
Weakness,Amoxicillin,Take after meal,Body pain and weakness,Consult doctor if problem continues,Fatigue
Joint Pain,Omeprazole,Use once daily,Stomach infection,Avoid spicy food,Fatigue
Weakness,Amoxicillin,Take before sleep,Head pain and stress,Drink warm water,Nausea
Asthma,Amlodipine,Take after meal,Sneezing and cough,Avoid spicy food,Dry mouth
Cough,Vitamin Tablets,Use once daily,Head pain and stress,Consult doctor if problem continues,Dizziness
Skin Infection,ORS,Take after meal,Stomach infection,Avoid spicy food,Nausea
Asthma,Dolo 650,Use twice daily,Sneezing and cough,Take proper rest,Constipation
Joint Pain,Amlodipine,Take after meal,Breathing problem,Avoid cold drinks,Dry mouth
Ear Infection,Antibiotic Cream,Drink water with medicine,Breathing problem,Do not overdose,Nausea
Stomach Pain,Omeprazole,Use once daily,Sneezing and cough,Avoid spicy food,Constipation
Stomach Pain,Omeprazole,Use once daily,Vomiting and nausea,Avoid spicy food,Sleepiness
Ear Infection,Crocin,Drink water with medicine,Body pain and weakness,Do not overdose,Dry mouth
Ear Infection,Paracetamol,Use twice daily,High temperature,Avoid spicy food,Dry mouth
Acidity,Cetirizine,Take before meal,Breathing problem,Drink warm water,Constipation
Weakness,Calcium Tablets,Take before sleep,Sneezing and cough,Consult doctor if problem continues,Nausea
Diarrhea,Pantoprazole,Take after meal,Head pain and stress,Do not overdose,Fatigue
Ear Infection,Amlodipine,Take before meal,Breathing problem,Do not overdose,Constipation
Diabetes,Cough Syrup,Drink water with medicine,Breathing problem,Consult doctor if problem continues,Nausea
Allergy,Pantoprazole,Take before sleep,Head pain and stress,Avoid spicy food,Dry mouth
BP,ORS,Use twice daily,High temperature,Avoid cold drinks,Dizziness
Allergy,Metformin,Take before sleep,Head pain and stress,Do not overdose,Nausea
Fever,Dolo 650,Use twice daily,Breathing problem,Take proper rest,Sleepiness
Asthma,Metformin,Use once daily,Stomach infection,Consult doctor if problem continues,Dry mouth
Cough,Pain Relief Gel,Take before sleep,Breathing problem,Do not overdose,Dry mouth
BP,Antacid,Take after meal,Body pain and weakness,Avoid spicy food,Nausea
Fever,Metformin,Drink water with medicine,Head pain and stress,Do not overdose,Constipation
Asthma,Metformin,Take before meal,Vomiting and nausea,Take proper rest,Nausea
Typhoid,Cetirizine,Use twice daily,Sneezing and cough,Take proper rest,Constipation
Diabetes,Calcium Tablets,Take after meal,Sneezing and cough,Avoid spicy food,Dry mouth
Cough,Crocin,Take after meal,Burning sensation,Avoid spicy food,Fatigue
Asthma,Insulin,Take before meal,Vomiting and nausea,Avoid spicy food,Dry mouth
Eye Infection,Antacid,Use once daily,High temperature,Take proper rest,Dizziness
Weakness,Pantoprazole,Drink water with medicine,Vomiting and nausea,Avoid spicy food,Nausea
Migraine,Dolo 650,Take before meal,Stomach infection,Do not overdose,Dizziness
Headache,Salbutamol Inhaler,Drink water with medicine,Vomiting and nausea,Avoid cold drinks,Sleepiness
Cold,Pain Relief Gel,Take before meal,Burning sensation,Avoid spicy food,Nausea
Cough,Insulin,Drink water with medicine,Breathing problem,Do not overdose,Fatigue
BP,Paracetamol,Use twice daily,High temperature,Do not overdose,Dizziness
Fever,Metformin,Use once daily,Sneezing and cough,Do not overdose,Nausea
Asthma,Amlodipine,Take before sleep,Head pain and stress,Avoid cold drinks,Dizziness
Allergy,Calcium Tablets,Take before meal,Breathing problem,Avoid spicy food,Dry mouth
Cold,Crocin,Use twice daily,Burning sensation,Avoid cold drinks,Dry mouth
Stomach Pain,Ibuprofen,Use twice daily,Body pain and weakness,Do not overdose,Dry mouth
Asthma,Crocin,Take after meal,Body pain and weakness,Avoid spicy food,Dizziness
Acidity,Crocin,Take before meal,Breathing problem,Take proper rest,Fatigue
BP,Calcium Tablets,Use once daily,Sneezing and cough,Consult doctor if problem continues,Nausea
Allergy,Cetirizine,Use twice daily,Vomiting and nausea,Drink warm water,Dizziness
Acidity,Azithromycin,Use once daily,Stomach infection,Drink warm water,Nausea
Vomiting,Omeprazole,Take before meal,Breathing problem,Avoid cold drinks,Fatigue
Typhoid,Insulin,Drink water with medicine,High temperature,Avoid spicy food,Dizziness
Vomiting,Dolo 650,Take before meal,Sneezing and cough,Take proper rest,Dizziness
Eye Infection,Amlodipine,Take before meal,Sneezing and cough,Drink warm water,Dizziness
Weakness,Insulin,Take before meal,High temperature,Drink warm water,Nausea
Joint Pain,Dolo 650,Take before sleep,Body pain and weakness,Consult doctor if problem continues,Fatigue
Cough,Paracetamol,Take after meal,Vomiting and nausea,Drink warm water,Sleepiness
Cough,Ibuprofen,Drink water with medicine,Body pain and weakness,Drink warm water,Dizziness
Migraine,Dolo 650,Take after meal,Stomach infection,Avoid cold drinks,Sleepiness
Ear Infection,Amoxicillin,Use twice daily,Head pain and stress,Avoid spicy food,Sleepiness
Vomiting,Ibuprofen,Use twice daily,Head pain and stress,Avoid cold drinks,Dry mouth
Headache,Pain Relief Gel,Take after meal,High temperature,Consult doctor if problem continues,Sleepiness
Skin Infection,Crocin,Take before meal,High temperature,Avoid spicy food,Nausea
Typhoid,Omeprazole,Take before meal,Body pain and weakness,Consult doctor if problem continues,Nausea
Tooth Pain,Vitamin Tablets,Drink water with medicine,Head pain and stress,Avoid spicy food,Dry mouth
Tooth Pain,Pantoprazole,Take after meal,Body pain and weakness,Take proper rest,Sleepiness
Cold,Cough Syrup,Take before sleep,Head pain and stress,Avoid cold drinks,Dry mouth
Vomiting,Vitamin Tablets,Take before sleep,Stomach infection,Do not overdose,Dizziness
Vomiting,Antacid,Use once daily,Sneezing and cough,Take proper rest,Sleepiness
Typhoid,Cough Syrup,Take after meal,High temperature,Avoid cold drinks,Dry mouth
Cough,Metformin,Take before sleep,Sneezing and cough,Consult doctor if problem continues,Sleepiness
Typhoid,Amlodipine,Use twice daily,Head pain and stress,Avoid cold drinks,Constipation
Skin Infection,Paracetamol,Take before meal,Vomiting and nausea,Do not overdose,Nausea
Migraine,Insulin,Take after meal,Burning sensation,Take proper rest,Constipation
Tooth Pain,Paracetamol,Use once daily,Stomach infection,Take proper rest,Sleepiness
Weakness,Calcium Tablets,Drink water with medicine,High temperature,Drink warm water,Nausea
Allergy,Amoxicillin,Take after meal,Stomach infection,Consult doctor if problem continues,Constipation
Allergy,Antibiotic Cream,Drink water with medicine,Breathing problem,Avoid spicy food,Sleepiness
Cold,Salbutamol Inhaler,Use once daily,Vomiting and nausea,Avoid spicy food,Fatigue
Skin Infection,Vitamin Tablets,Use once daily,High temperature,Consult doctor if problem continues,Dizziness
BP,Cough Syrup,Use once daily,Burning sensation,Avoid spicy food,Constipation
Eye Infection,Dolo 650,Drink water with medicine,Sneezing and cough,Take proper rest,Sleepiness
Ear Infection,Amoxicillin,Use once daily,Burning sensation,Avoid spicy food,Dry mouth
Cold,Amlodipine,Take after meal,Stomach infection,Avoid cold drinks,Dizziness
Typhoid,Vitamin Tablets,Take after meal,Body pain and weakness,Drink warm water,Dizziness
Weakness,Pantoprazole,Use twice daily,Burning sensation,Drink warm water,Dizziness
Allergy,Dolo 650,Take before sleep,Sneezing and cough,Avoid cold drinks,Dry mouth
Cough,ORS,Take before sleep,Sneezing and cough,Drink warm water,Constipation
Skin Infection,ORS,Use twice daily,Sneezing and cough,Do not overdose,Dry mouth
Eye Infection,Amlodipine,Take before meal,Sneezing and cough,Consult doctor if problem continues,Fatigue
Skin Infection,Omeprazole,Use twice daily,Breathing problem,Avoid spicy food,Fatigue
Allergy,Azithromycin,Take before sleep,Sneezing and cough,Avoid spicy food,Dizziness
Allergy,Vitamin Tablets,Take before sleep,Stomach infection,Avoid spicy food,Fatigue
Tooth Pain,Amoxicillin,Take before meal,Vomiting and nausea,Do not overdose,Dry mouth
Joint Pain,Salbutamol Inhaler,Use once daily,Body pain and weakness,Do not overdose,Nausea
Weakness,Omeprazole,Take after meal,Head pain and stress,Do not overdose,Nausea
Tooth Pain,Amoxicillin,Take after meal,High temperature,Avoid cold drinks,Dizziness
Typhoid,Crocin,Use once daily,Vomiting and nausea,Drink warm water,Constipation
Migraine,Cetirizine,Take before sleep,Sneezing and cough,Avoid cold drinks,Dizziness
Eye Infection,Omeprazole,Drink water with medicine,Vomiting and nausea,Consult doctor if problem continues,Nausea
Headache,Azithromycin,Take before sleep,Body pain and weakness,Avoid cold drinks,Sleepiness
Stomach Pain,Amlodipine,Use twice daily,Stomach infection,Take proper rest,Dizziness
Diabetes,Azithromycin,Use once daily,Vomiting and nausea,Avoid cold drinks,Nausea
Weakness,Paracetamol,Take before sleep,High temperature,Do not overdose,Dizziness
Asthma,Vitamin Tablets,Use twice daily,Head pain and stress,Avoid spicy food,Constipation
Stomach Pain,Antacid,Use twice daily,Head pain and stress,Avoid spicy food,Dry mouth
Ear Infection,Salbutamol Inhaler,Use twice daily,Stomach infection,Consult doctor if problem continues,Fatigue
Diabetes,Amoxicillin,Use once daily,Burning sensation,Do not overdose,Nausea
Joint Pain,Azithromycin,Take before meal,Head pain and stress,Do not overdose,Dizziness
Asthma,Crocin,Use once daily,Stomach infection,Consult doctor if problem continues,Constipation
BP,Pantoprazole,Drink water with medicine,Body pain and weakness,Do not overdose,Nausea
Fever,Metformin,Use once daily,Breathing problem,Drink warm water,Fatigue
Allergy,Vitamin Tablets,Take before meal,Body pain and weakness,Avoid cold drinks,Constipation
Joint Pain,Antibiotic Cream,Take after meal,Breathing problem,Consult doctor if problem continues,Dizziness
Tooth Pain,ORS,Take before meal,Breathing problem,Avoid cold drinks,Fatigue
Tooth Pain,Salbutamol Inhaler,Use twice daily,Vomiting and nausea,Do not overdose,Constipation
Stomach Pain,ORS,Use twice daily,Vomiting and nausea,Do not overdose,Dizziness
Stomach Pain,Antibiotic Cream,Take after meal,Vomiting and nausea,Avoid cold drinks,Constipation
Asthma,Cetirizine,Use once daily,Vomiting and nausea,Do not overdose,Dizziness
Tooth Pain,Salbutamol Inhaler,Take after meal,Breathing problem,Take proper rest,Constipation
Typhoid,Paracetamol,Use once daily,Vomiting and nausea,Consult doctor if problem continues,Dry mouth
Ear Infection,Calcium Tablets,Take before sleep,Breathing problem,Consult doctor if problem continues,Constipation
Typhoid,Pantoprazole,Take after meal,Vomiting and nausea,Do not overdose,Fatigue
Typhoid,Antacid,Use once daily,Breathing problem,Do not overdose,Fatigue
Fever,Pantoprazole,Use twice daily,Vomiting and nausea,Take proper rest,Dizziness
Fever,Antibiotic Cream,Drink water with medicine,Sneezing and cough,Do not overdose,Nausea
Headache,ORS,Take before sleep,Body pain and weakness,Do not overdose,Dizziness
Stomach Pain,Omeprazole,Take before sleep,Sneezing and cough,Avoid spicy food,Sleepiness
Joint Pain,Metformin,Take before sleep,Body pain and weakness,Consult doctor if problem continues,Nausea
Joint Pain,Vitamin Tablets,Take before meal,Burning sensation,Take proper rest,Dry mouth
Diabetes,Calcium Tablets,Take before meal,Stomach infection,Avoid spicy food,Sleepiness
Diabetes,Calcium Tablets,Use twice daily,Body pain and weakness,Take proper rest,Fatigue
Cold,Pain Relief Gel,Use once daily,Stomach infection,Take proper rest,Constipation
Cough,Paracetamol,Use twice daily,Vomiting and nausea,Drink warm water,Sleepiness
Asthma,Salbutamol Inhaler,Take before sleep,Vomiting and nausea,Take proper rest,Fatigue
Typhoid,Amoxicillin,Use twice daily,High temperature,Avoid spicy food,Constipation
Ear Infection,Ibuprofen,Use once daily,Head pain and stress,Avoid spicy food,Dry mouth
Fever,Amlodipine,Take before meal,Breathing problem,Take proper rest,Sleepiness
Tooth Pain,Cough Syrup,Take after meal,Stomach infection,Drink warm water,Dry mouth
Acidity,Ibuprofen,Take after meal,Head pain and stress,Drink warm water,Dizziness
Cough,Crocin,Drink water with medicine,Head pain and stress,Drink warm water,Constipation
Stomach Pain,Amlodipine,Use once daily,Vomiting and nausea,Drink warm water,Sleepiness
Acidity,Metformin,Take after meal,Body pain and weakness,Consult doctor if problem continues,Fatigue
Typhoid,Insulin,Take after meal,Burning sensation,Do not overdose,Constipation
Headache,Azithromycin,Take before meal,Burning sensation,Drink warm water,Sleepiness
Joint Pain,Metformin,Take before sleep,Vomiting and nausea,Consult doctor if problem continues,Constipation
Cough,Insulin,Take before meal,Burning sensation,Avoid cold drinks,Dizziness
Diarrhea,Calcium Tablets,Use once daily,Head pain and stress,Consult doctor if problem continues,Dizziness
Tooth Pain,Ibuprofen,Use twice daily,Vomiting and nausea,Avoid spicy food,Constipation
Headache,Metformin,Take before meal,High temperature,Do not overdose,Dizziness
Diarrhea,Pain Relief Gel,Drink water with medicine,Body pain and weakness,Avoid spicy food,Sleepiness
Diarrhea,Antibiotic Cream,Take after meal,Vomiting and nausea,Avoid cold drinks,Dizziness
Ear Infection,Insulin,Drink water with medicine,Breathing problem,Consult doctor if problem continues,Nausea
Fever,Amoxicillin,Take before meal,Vomiting and nausea,Drink warm water,Nausea
Fever,Antacid,Take after meal,Stomach infection,Consult doctor if problem continues,Sleepiness
Vomiting,Amlodipine,Use once daily,Sneezing and cough,Take proper rest,Constipation
Stomach Pain,Cough Syrup,Take before sleep,Body pain and weakness,Drink warm water,Dry mouth
Acidity,Vitamin Tablets,Use twice daily,High temperature,Take proper rest,Nausea
Weakness,Ibuprofen,Take before meal,High temperature,Do not overdose,Dry mouth
Acidity,Azithromycin,Take before sleep,Breathing problem,Consult doctor if problem continues,Sleepiness
Weakness,Ibuprofen,Take after meal,Breathing problem,Drink warm water,Dry mouth
Stomach Pain,Ibuprofen,Take before sleep,Body pain and weakness,Consult doctor if problem continues,Dizziness
Ear Infection,Crocin,Take before meal,Body pain and weakness,Avoid cold drinks,Sleepiness
Joint Pain,Metformin,Use twice daily,Burning sensation,Avoid cold drinks,Nausea
Allergy,Antacid,Take before sleep,Sneezing and cough,Avoid cold drinks,Fatigue
Joint Pain,Cough Syrup,Use twice daily,Body pain and weakness,Take proper rest,Dry mouth
Vomiting,Cough Syrup,Take before sleep,Burning sensation,Do not overdose,Sleepiness
Migraine,Antacid,Take before sleep,Sneezing and cough,Avoid cold drinks,Nausea
Fever,Paracetamol,Use twice daily,Breathing problem,Avoid spicy food,Dizziness
Migraine,Dolo 650,Take after meal,Head pain and stress,Avoid cold drinks,Sleepiness
Eye Infection,Cough Syrup,Take before meal,Body pain and weakness,Avoid spicy food,Sleepiness
Ear Infection,Salbutamol Inhaler,Use once daily,Head pain and stress,Drink warm water,Dizziness
Skin Infection,Vitamin Tablets,Take after meal,High temperature,Avoid cold drinks,Dizziness
Cold,ORS,Drink water with medicine,Head pain and stress,Do not overdose,Nausea
Acidity,Salbutamol Inhaler,Use twice daily,High temperature,Take proper rest,Constipation
Allergy,Antacid,Take before meal,Vomiting and nausea,Avoid cold drinks,Fatigue
Fever,Pain Relief Gel,Take before sleep,Body pain and weakness,Take proper rest,Sleepiness
Allergy,Amoxicillin,Take after meal,Breathing problem,Drink warm water,Dry mouth
Weakness,Vitamin Tablets,Use twice daily,Sneezing and cough,Drink warm water,Nausea
Skin Infection,Cetirizine,Use twice daily,High temperature,Avoid spicy food,Dry mouth
Ear Infection,Azithromycin,Take before meal,Stomach infection,Avoid cold drinks,Dizziness
Typhoid,Pantoprazole,Use twice daily,Breathing problem,Avoid spicy food,Nausea
Asthma,Antibiotic Cream,Use once daily,Stomach infection,Drink warm water,Dizziness
Cold,Cetirizine,Use once daily,High temperature,Drink warm water,Nausea
Ear Infection,Vitamin Tablets,Take after meal,Sneezing and cough,Avoid cold drinks,Nausea
Eye Infection,Amlodipine,Take before sleep,High temperature,Take proper rest,Sleepiness
Diarrhea,Paracetamol,Take after meal,Body pain and weakness,Avoid spicy food,Constipation
Diabetes,Omeprazole,Take before sleep,Body pain and weakness,Avoid cold drinks,Dizziness
Acidity,Cetirizine,Take after meal,Breathing problem,Consult doctor if problem continues,Sleepiness
Acidity,Salbutamol Inhaler,Take after meal,Sneezing and cough,Do not overdose,Nausea
Fever,Vitamin Tablets,Take before sleep,Vomiting and nausea,Do not overdose,Dizziness
Diabetes,Antibiotic Cream,Drink water with medicine,Body pain and weakness,Do not overdose,Dry mouth
Allergy,Metformin,Use once daily,Head pain and stress,Avoid cold drinks,Fatigue
Tooth Pain,Omeprazole,Take before meal,Vomiting and nausea,Consult doctor if problem continues,Nausea
Migraine,Vitamin Tablets,Use once daily,Vomiting and nausea,Consult doctor if problem continues,Sleepiness
Diabetes,Dolo 650,Drink water with medicine,Burning sensation,Consult doctor if problem continues,Nausea
Tooth Pain,Vitamin Tablets,Take after meal,Sneezing and cough,Do not overdose,Nausea
Migraine,Ibuprofen,Take after meal,Burning sensation,Do not overdose,Constipation
Cough,Salbutamol Inhaler,Use twice daily,Body pain and weakness,Avoid cold drinks,Dizziness
Diarrhea,Omeprazole,Drink water with medicine,Breathing problem,Avoid spicy food,Dizziness
Typhoid,Insulin,Drink water with medicine,Stomach infection,Avoid spicy food,Dizziness
Cough,Paracetamol,Take before sleep,Body pain and weakness,Avoid cold drinks,Dry mouth
Typhoid,Calcium Tablets,Drink water with medicine,Vomiting and nausea,Avoid cold drinks,Dizziness
Asthma,Azithromycin,Take before sleep,Stomach infection,Drink warm water,Dizziness
Ear Infection,Insulin,Take after meal,Breathing problem,Consult doctor if problem continues,Sleepiness
Diarrhea,Paracetamol,Use twice daily,High temperature,Avoid spicy food,Dry mouth
Cough,Metformin,Drink water with medicine,Burning sensation,Avoid cold drinks,Dizziness
Weakness,Cough Syrup,Take before sleep,Burning sensation,Avoid spicy food,Dizziness
Headache,Vitamin Tablets,Drink water with medicine,High temperature,Avoid cold drinks,Nausea
Weakness,ORS,Take before sleep,Body pain and weakness,Do not overdose,Nausea
Vomiting,Pantoprazole,Drink water with medicine,Stomach infection,Drink warm water,Dizziness
Asthma,Cetirizine,Take after meal,Burning sensation,Drink warm water,Dry mouth
Cold,Azithromycin,Take after meal,Breathing problem,Drink warm water,Dizziness
BP,Azithromycin,Take after meal,Vomiting and nausea,Do not overdose,Sleepiness
Weakness,Omeprazole,Use twice daily,Sneezing and cough,Avoid cold drinks,Fatigue
BP,Antacid,Use twice daily,Breathing problem,Do not overdose,Dizziness
Stomach Pain,Insulin,Use once daily,Head pain and stress,Avoid cold drinks,Sleepiness
Cold,Salbutamol Inhaler,Use once daily,Body pain and weakness,Do not overdose,Dry mouth
Cough,Insulin,Drink water with medicine,High temperature,Take proper rest,Dizziness
Skin Infection,Antacid,Use once daily,Breathing problem,Do not overdose,Fatigue
Weakness,Ibuprofen,Drink water with medicine,Stomach infection,Consult doctor if problem continues,Sleepiness
Cold,Salbutamol Inhaler,Drink water with medicine,Breathing problem,Avoid cold drinks,Dizziness
Joint Pain,Pain Relief Gel,Use once daily,Breathing problem,Do not overdose,Dry mouth
Typhoid,Vitamin Tablets,Take after meal,Head pain and stress,Take proper rest,Dizziness
Weakness,Amoxicillin,Take before meal,Body pain and weakness,Take proper rest,Nausea
Diabetes,Azithromycin,Take before meal,Sneezing and cough,Do not overdose,Constipation
Allergy,Crocin,Use once daily,High temperature,Consult doctor if problem continues,Dry mouth
Skin Infection,Ibuprofen,Take before meal,High temperature,Avoid cold drinks,Fatigue
Eye Infection,Omeprazole,Take before sleep,Vomiting and nausea,Drink warm water,Fatigue
Ear Infection,Crocin,Drink water with medicine,Stomach infection,Do not overdose,Dry mouth
Migraine,Cetirizine,Use twice daily,High temperature,Drink warm water,Nausea
Headache,Antibiotic Cream,Take before meal,Body pain and weakness,Consult doctor if problem continues,Dry mouth
Cough,Dolo 650,Take before sleep,Sneezing and cough,Drink warm water,Nausea
Cough,Pantoprazole,Take before sleep,Body pain and weakness,Avoid cold drinks,Nausea
Weakness,Calcium Tablets,Drink water with medicine,Burning sensation,Do not overdose,Fatigue
Ear Infection,ORS,Use twice daily,Sneezing and cough,Do not overdose,Sleepiness
Fever,Azithromycin,Use once daily,Burning sensation,Avoid cold drinks,Dry mouth
Eye Infection,Amoxicillin,Take before sleep,Body pain and weakness,Avoid cold drinks,Dizziness
BP,Pain Relief Gel,Use twice daily,Stomach infection,Take proper rest,Dry mouth
Headache,Cetirizine,Use twice daily,Burning sensation,Do not overdose,Dry mouth
Cough,Amoxicillin,Use twice daily,Vomiting and nausea,Take proper rest,Dizziness
Stomach Pain,Dolo 650,Drink water with medicine,Burning sensation,Take proper rest,Dry mouth
Weakness,Amoxicillin,Take after meal,Stomach infection,Take proper rest,Dry mouth
Ear Infection,Salbutamol Inhaler,Drink water with medicine,Burning sensation,Avoid cold drinks,Fatigue
Eye Infection,Pantoprazole,Drink water with medicine,Body pain and weakness,Consult doctor if problem continues,Dizziness
Diabetes,Antacid,Take after meal,Sneezing and cough,Consult doctor if problem continues,Nausea
Ear Infection,Azithromycin,Take before meal,Head pain and stress,Avoid cold drinks,Sleepiness
Diarrhea,Cough Syrup,Take after meal,Body pain and weakness,Avoid spicy food,Sleepiness
Fever,Antacid,Take before meal,Stomach infection,Avoid cold drinks,Sleepiness
Diarrhea,Cough Syrup,Use once daily,High temperature,Avoid spicy food,Nausea
Fever,Insulin,Take before meal,Breathing problem,Avoid spicy food,Dry mouth
Acidity,Paracetamol,Take before sleep,High temperature,Consult doctor if problem continues,Dry mouth
Diarrhea,Metformin,Use twice daily,Sneezing and cough,Avoid spicy food,Dry mouth
BP,Amlodipine,Drink water with medicine,Breathing problem,Do not overdose,Sleepiness
Typhoid,Pantoprazole,Use twice daily,Burning sensation,Drink warm water,Constipation
Fever,Amlodipine,Use once daily,Burning sensation,Drink warm water,Nausea
Stomach Pain,Pantoprazole,Use twice daily,Burning sensation,Avoid spicy food,Constipation
Asthma,Amoxicillin,Use twice daily,Stomach infection,Avoid spicy food,Fatigue
Weakness,Pain Relief Gel,Take before sleep,Body pain and weakness,Drink warm water,Sleepiness
Allergy,Azithromycin,Take before sleep,Burning sensation,Avoid spicy food,Dry mouth
Asthma,Cough Syrup,Take before meal,Vomiting and nausea,Consult doctor if problem continues,Constipation
Ear Infection,Amoxicillin,Take before meal,Vomiting and nausea,Avoid cold drinks,Dry mouth
Headache,ORS,Drink water with medicine,Stomach infection,Do not overdose,Dry mouth
Diarrhea,Amoxicillin,Use once daily,Vomiting and nausea,Take proper rest,Dizziness
Stomach Pain,Ibuprofen,Take before sleep,Breathing problem,Consult doctor if problem continues,Dizziness
Stomach Pain,Antibiotic Cream,Drink water with medicine,Head pain and stress,Avoid spicy food,Constipation
Diabetes,Amlodipine,Use twice daily,Breathing problem,Avoid spicy food,Fatigue
Migraine,Antacid,Take before meal,Sneezing and cough,Avoid cold drinks,Dizziness
Headache,Paracetamol,Use twice daily,Head pain and stress,Do not overdose,Dry mouth
Eye Infection,Antibiotic Cream,Take after meal,High temperature,Drink warm water,Constipation
Allergy,ORS,Take before meal,Head pain and stress,Do not overdose,Constipation
Asthma,Pantoprazole,Take before sleep,High temperature,Drink warm water,Constipation
Eye Infection,Cetirizine,Use twice daily,High temperature,Consult doctor if problem continues,Dizziness
BP,Salbutamol Inhaler,Use twice daily,Vomiting and nausea,Do not overdose,Nausea
Diarrhea,Azithromycin,Take after meal,High temperature,Take proper rest,Dizziness
Weakness,Ibuprofen,Take after meal,Sneezing and cough,Avoid cold drinks,Fatigue
Headache,Pantoprazole,Use once daily,Breathing problem,Consult doctor if problem continues,Dizziness
Headache,Amoxicillin,Use once daily,Sneezing and cough,Take proper rest,Nausea
Fever,Amoxicillin,Drink water with medicine,Head pain and stress,Do not overdose,Nausea
Migraine,Pain Relief Gel,Take before meal,Stomach infection,Avoid cold drinks,Fatigue
Headache,Salbutamol Inhaler,Drink water with medicine,High temperature,Drink warm water,Fatigue
Skin Infection,Dolo 650,Take after meal,Sneezing and cough,Avoid spicy food,Constipation
Asthma,Pain Relief Gel,Take after meal,High temperature,Avoid cold drinks,Nausea
BP,Vitamin Tablets,Drink water with medicine,Vomiting and nausea,Drink warm water,Sleepiness
Tooth Pain,Omeprazole,Use once daily,Body pain and weakness,Avoid cold drinks,Dizziness
Joint Pain,Cough Syrup,Take after meal,Head pain and stress,Do not overdose,Dry mouth
Cold,Amlodipine,Use twice daily,Body pain and weakness,Do not overdose,Dry mouth
Skin Infection,Paracetamol,Use once daily,Vomiting and nausea,Take proper rest,Sleepiness
Fever,Omeprazole,Use twice daily,Breathing problem,Avoid spicy food,Fatigue
Ear Infection,Azithromycin,Take after meal,High temperature,Do not overdose,Dry mouth
Diabetes,Calcium Tablets,Use once daily,High temperature,Consult doctor if problem continues,Dry mouth
Headache,Vitamin Tablets,Use twice daily,High temperature,Consult doctor if problem continues,Dizziness
Vomiting,Calcium Tablets,Take after meal,Head pain and stress,Avoid spicy food,Dry mouth
Headache,Cough Syrup,Drink water with medicine,Sneezing and cough,Avoid cold drinks,Constipation
Joint Pain,Metformin,Take after meal,Burning sensation,Avoid spicy food,Dizziness
Asthma,Omeprazole,Take before sleep,Body pain and weakness,Consult doctor if problem continues,Dizziness
BP,Insulin,Use twice daily,Breathing problem,Avoid spicy food,Dizziness
Fever,ORS,Take before sleep,Breathing problem,Avoid cold drinks,Sleepiness
Migraine,Ibuprofen,Use twice daily,Stomach infection,Do not overdose,Nausea
Cold,ORS,Take before meal,Body pain and weakness,Avoid cold drinks,Nausea
Typhoid,Crocin,Take before sleep,High temperature,Drink warm water,Sleepiness
Tooth Pain,Insulin,Use once daily,Stomach infection,Take proper rest,Nausea
BP,Vitamin Tablets,Use once daily,Head pain and stress,Drink warm water,Dizziness
Eye Infection,Calcium Tablets,Take before sleep,Breathing problem,Avoid spicy food,Nausea
Migraine,ORS,Take after meal,Sneezing and cough,Do not overdose,Constipation
Eye Infection,Amoxicillin,Use twice daily,Stomach infection,Avoid cold drinks,Fatigue
Vomiting,Metformin,Use once daily,Breathing problem,Avoid spicy food,Dizziness
Acidity,Vitamin Tablets,Use twice daily,Body pain and weakness,Take proper rest,Constipation
Headache,Insulin,Take after meal,Body pain and weakness,Drink warm water,Dizziness
Allergy,Amoxicillin,Take before sleep,High temperature,Consult doctor if problem continues,Fatigue
Acidity,Omeprazole,Use twice daily,Breathing problem,Take proper rest,Constipation
BP,Cough Syrup,Take before meal,Breathing problem,Avoid spicy food,Constipation
Cold,Azithromycin,Use once daily,Head pain and stress,Avoid spicy food,Nausea
Joint Pain,Ibuprofen,Take before sleep,Burning sensation,Drink warm water,Sleepiness
Joint Pain,Amlodipine,Use twice daily,Breathing problem,Avoid cold drinks,Nausea
Weakness,Antibiotic Cream,Drink water with medicine,Body pain and weakness,Avoid cold drinks,Dry mouth
Skin Infection,Ibuprofen,Take after meal,Burning sensation,Take proper rest,Dizziness
Stomach Pain,Antibiotic Cream,Use once daily,Stomach infection,Drink warm water,Sleepiness
Diarrhea,Amoxicillin,Use twice daily,Burning sensation,Drink warm water,Fatigue
Diarrhea,Vitamin Tablets,Take before sleep,Breathing problem,Avoid cold drinks,Dizziness
Fever,Ibuprofen,Take before meal,Breathing problem,Consult doctor if problem continues,Fatigue
Skin Infection,Pain Relief Gel,Use twice daily,Stomach infection,Drink warm water,Constipation
Skin Infection,Azithromycin,Take before sleep,Body pain and weakness,Avoid cold drinks,Constipation
Tooth Pain,Amoxicillin,Drink water with medicine,Head pain and stress,Avoid spicy food,Fatigue
Fever,Crocin,Use twice daily,Stomach infection,Avoid cold drinks,Constipation
Migraine,Antibiotic Cream,Take before sleep,Head pain and stress,Do not overdose,Sleepiness
Diarrhea,Paracetamol,Use twice daily,Head pain and stress,Drink warm water,Dry mouth
Acidity,Paracetamol,Use twice daily,Sneezing and cough,Avoid spicy food,Sleepiness
Cough,Azithromycin,Use twice daily,High temperature,Avoid spicy food,Sleepiness
Eye Infection,Paracetamol,Use twice daily,Vomiting and nausea,Do not overdose,Nausea
Acidity,Salbutamol Inhaler,Take before sleep,Head pain and stress,Avoid cold drinks,Constipation
Diarrhea,Omeprazole,Take before meal,Burning sensation,Drink warm water,Sleepiness
Headache,Cough Syrup,Use once daily,Sneezing and cough,Do not overdose,Sleepiness
Stomach Pain,Dolo 650,Take before sleep,Head pain and stress,Avoid spicy food,Dizziness
BP,Omeprazole,Take before meal,Body pain and weakness,Avoid cold drinks,Sleepiness
Eye Infection,Metformin,Take after meal,Breathing problem,Drink warm water,Sleepiness
Migraine,Antibiotic Cream,Take after meal,Vomiting and nausea,Consult doctor if problem continues,Dizziness
Fever,Antacid,Take after meal,Stomach infection,Avoid cold drinks,Constipation
Vomiting,Salbutamol Inhaler,Take after meal,Vomiting and nausea,Drink warm water,Dry mouth
Joint Pain,Calcium Tablets,Take before sleep,Burning sensation,Consult doctor if problem continues,Sleepiness
Fever,Azithromycin,Drink water with medicine,Sneezing and cough,Avoid cold drinks,Dizziness
Allergy,Pain Relief Gel,Use twice daily,Vomiting and nausea,Avoid cold drinks,Sleepiness
Ear Infection,Metformin,Take after meal,High temperature,Do not overdose,Fatigue
Fever,Crocin,Use twice daily,Vomiting and nausea,Avoid cold drinks,Dizziness
Headache,Amlodipine,Use once daily,Head pain and stress,Do not overdose,Nausea
Headache,Azithromycin,Use once daily,Head pain and stress,Avoid spicy food,Sleepiness
Diabetes,Insulin,Use twice daily,Breathing problem,Do not overdose,Constipation
Cold,Azithromycin,Drink water with medicine,Stomach infection,Do not overdose,Nausea
Tooth Pain,Pantoprazole,Use once daily,Body pain and weakness,Avoid spicy food,Fatigue
Stomach Pain,Cetirizine,Take before sleep,Sneezing and cough,Drink warm water,Constipation
Cough,Dolo 650,Drink water with medicine,Body pain and weakness,Do not overdose,Nausea
Cold,Crocin,Use twice daily,Vomiting and nausea,Consult doctor if problem continues,Constipation
Ear Infection,Antacid,Take before sleep,Body pain and weakness,Do not overdose,Sleepiness
Eye Infection,Pantoprazole,Take before meal,Stomach infection,Take proper rest,Sleepiness
Allergy,Paracetamol,Take before sleep,High temperature,Avoid cold drinks,Sleepiness
Fever,ORS,Take before meal,High temperature,Do not overdose,Constipation
Joint Pain,Amoxicillin,Drink water with medicine,Head pain and stress,Drink warm water,Fatigue
Fever,Azithromycin,Take before sleep,Head pain and stress,Avoid spicy food,Dizziness
Joint Pain,Crocin,Take before sleep,Breathing problem,Consult doctor if problem continues,Fatigue
Skin Infection,Amlodipine,Take before meal,Body pain and weakness,Avoid cold drinks,Dizziness
Cold,Omeprazole,Use twice daily,Body pain and weakness,Avoid spicy food,Nausea
Asthma,Vitamin Tablets,Take after meal,Body pain and weakness,Do not overdose,Dizziness
Skin Infection,Amoxicillin,Use twice daily,Head pain and stress,Avoid cold drinks,Constipation
Joint Pain,Cough Syrup,Drink water with medicine,Stomach infection,Avoid cold drinks,Nausea
Cold,Crocin,Take before meal,Head pain and stress,Avoid spicy food,Dry mouth
Stomach Pain,Metformin,Use twice daily,Breathing problem,Consult doctor if problem continues,Fatigue
Fever,Vitamin Tablets,Use once daily,Stomach infection,Drink warm water,Sleepiness
Diabetes,Pain Relief Gel,Take before meal,Stomach infection,Do not overdose,Fatigue
Diabetes,Metformin,Use twice daily,Burning sensation,Drink warm water,Fatigue
Joint Pain,Salbutamol Inhaler,Take after meal,Sneezing and cough,Avoid cold drinks,Constipation
Eye Infection,Amlodipine,Take before meal,Breathing problem,Consult doctor if problem continues,Dry mouth
Skin Infection,Pain Relief Gel,Take before sleep,Body pain and weakness,Take proper rest,Dry mouth
Weakness,Dolo 650,Take before sleep,Stomach infection,Take proper rest,Fatigue
Joint Pain,Cough Syrup,Take before meal,Stomach infection,Avoid cold drinks,Constipation
Ear Infection,Vitamin Tablets,Take before meal,Head pain and stress,Avoid spicy food,Fatigue
Asthma,Paracetamol,Take after meal,High temperature,Take proper rest,Dizziness
Acidity,ORS,Take before sleep,Body pain and weakness,Drink warm water,Constipation
Cold,Azithromycin,Drink water with medicine,Vomiting and nausea,Take proper rest,Dry mouth
Weakness,Salbutamol Inhaler,Take before sleep,Burning sensation,Avoid cold drinks,Dry mouth
Acidity,Salbutamol Inhaler,Take before meal,Stomach infection,Consult doctor if problem continues,Fatigue
Stomach Pain,Salbutamol Inhaler,Take before sleep,Sneezing and cough,Drink warm water,Sleepiness
Weakness,Omeprazole,Drink water with medicine,Stomach infection,Take proper rest,Fatigue
Allergy,Dolo 650,Use twice daily,Burning sensation,Avoid cold drinks,Fatigue
Weakness,Vitamin Tablets,Take before sleep,Vomiting and nausea,Consult doctor if problem continues,Nausea
Diarrhea,Crocin,Take before meal,High temperature,Do not overdose,Dizziness
Ear Infection,Cetirizine,Take before sleep,Burning sensation,Consult doctor if problem continues,Sleepiness
Acidity,Antibiotic Cream,Take before sleep,Body pain and weakness,Avoid spicy food,Fatigue
Diabetes,Dolo 650,Take before meal,Vomiting and nausea,Do not overdose,Fatigue
Allergy,Amoxicillin,Take before sleep,Breathing problem,Avoid cold drinks,Constipation
Vomiting,Insulin,Take before meal,Sneezing and cough,Avoid spicy food,Constipation
Stomach Pain,Pantoprazole,Take before sleep,Breathing problem,Do not overdose,Dry mouth
Cold,Salbutamol Inhaler,Take before sleep,Vomiting and nausea,Avoid cold drinks,Sleepiness
Diabetes,Antibiotic Cream,Take before meal,Vomiting and nausea,Do not overdose,Constipation
Migraine,Omeprazole,Take after meal,Sneezing and cough,Take proper rest,Dizziness
Typhoid,Ibuprofen,Take before sleep,Head pain and stress,Take proper rest,Constipation
Tooth Pain,ORS,Take after meal,Sneezing and cough,Take proper rest,Dry mouth
Diabetes,Calcium Tablets,Use twice daily,Vomiting and nausea,Take proper rest,Nausea
Vomiting,Metformin,Use once daily,Body pain and weakness,Drink warm water,Dry mouth
Joint Pain,Crocin,Use twice daily,Sneezing and cough,Drink warm water,Sleepiness
Vomiting,Cetirizine,Use once daily,Burning sensation,Avoid spicy food,Dry mouth
Joint Pain,Antacid,Drink water with medicine,Breathing problem,Drink warm water,Dizziness
Diabetes,Crocin,Take before meal,Vomiting and nausea,Avoid cold drinks,Sleepiness
BP,Metformin,Take before sleep,Burning sensation,Avoid cold drinks,Nausea
Allergy,Dolo 650,Use twice daily,Vomiting and nausea,Avoid cold drinks,Fatigue
Tooth Pain,ORS,Drink water with medicine,Sneezing and cough,Consult doctor if problem continues,Fatigue
Ear Infection,Amlodipine,Use twice daily,Body pain and weakness,Drink warm water,Sleepiness
Migraine,Antibiotic Cream,Use once daily,Sneezing and cough,Drink warm water,Fatigue
Typhoid,Paracetamol,Take before sleep,High temperature,Consult doctor if problem continues,Constipation
Cough,Pantoprazole,Take before sleep,Stomach infection,Do not overdose,Dry mouth
Headache,ORS,Take after meal,Stomach infection,Take proper rest,Dizziness
Acidity,Cetirizine,Drink water with medicine,Head pain and stress,Take proper rest,Nausea
Eye Infection,Cough Syrup,Use twice daily,Stomach infection,Drink warm water,Constipation
Tooth Pain,Ibuprofen,Take before sleep,Stomach infection,Consult doctor if problem continues,Dizziness
Allergy,Antibiotic Cream,Take before meal,Burning sensation,Consult doctor if problem continues,Dry mouth
Fever,Antibiotic Cream,Use once daily,Body pain and weakness,Avoid cold drinks,Nausea
Eye Infection,Amoxicillin,Take before meal,Body pain and weakness,Consult doctor if problem continues,Nausea
Stomach Pain,Metformin,Take before meal,High temperature,Do not overdose,Sleepiness
Tooth Pain,Omeprazole,Take before meal,Burning sensation,Drink warm water,Dizziness
Diabetes,Pantoprazole,Take after meal,Head pain and stress,Do not overdose,Nausea
Diarrhea,Insulin,Use once daily,Head pain and stress,Avoid spicy food,Nausea
Diarrhea,Azithromycin,Take after meal,Stomach infection,Avoid cold drinks,Fatigue
Joint Pain,Cetirizine,Use twice daily,Burning sensation,Take proper rest,Dizziness
Cough,Antibiotic Cream,Use once daily,Head pain and stress,Take proper rest,Nausea
Acidity,Omeprazole,Take after meal,Vomiting and nausea,Do not overdose,Dry mouth
Eye Infection,Crocin,Take after meal,Vomiting and nausea,Take proper rest,Dry mouth
Weakness,Amoxicillin,Drink water with medicine,Body pain and weakness,Avoid spicy food,Dizziness
Eye Infection,Cetirizine,Use once daily,Body pain and weakness,Avoid spicy food,Sleepiness
Diabetes,Dolo 650,Drink water with medicine,Head pain and stress,Avoid spicy food,Sleepiness
Vomiting,Salbutamol Inhaler,Take before sleep,Body pain and weakness,Avoid cold drinks,Nausea
Headache,Amlodipine,Take before meal,High temperature,Take proper rest,Dry mouth
BP,Omeprazole,Take after meal,Sneezing and cough,Avoid cold drinks,Dry mouth
Cold,Insulin,Drink water with medicine,Breathing problem,Avoid cold drinks,Constipation
Asthma,Insulin,Use twice daily,Vomiting and nausea,Consult doctor if problem continues,Constipation
Cold,Dolo 650,Use twice daily,Head pain and stress,Take proper rest,Dizziness
Diabetes,Insulin,Drink water with medicine,Sneezing and cough,Avoid spicy food,Dizziness
Migraine,Antacid,Take before meal,Burning sensation,Take proper rest,Dizziness
Migraine,Salbutamol Inhaler,Use twice daily,Body pain and weakness,Consult doctor if problem continues,Fatigue
Diarrhea,Pain Relief Gel,Take before meal,Breathing problem,Take proper rest,Dry mouth
Fever,Metformin,Use once daily,High temperature,Avoid spicy food,Dry mouth
Typhoid,Calcium Tablets,Take before meal,Sneezing and cough,Avoid cold drinks,Dizziness
Diarrhea,Amlodipine,Use once daily,Vomiting and nausea,Avoid spicy food,Dizziness
Acidity,Metformin,Take before sleep,High temperature,Avoid cold drinks,Dizziness
Eye Infection,Pain Relief Gel,Use twice daily,Head pain and stress,Drink warm water,Nausea
Migraine,Omeprazole,Take before meal,Head pain and stress,Drink warm water,Constipation
Fever,Vitamin Tablets,Take before meal,Burning sensation,Avoid cold drinks,Dry mouth
Migraine,Crocin,Take after meal,Vomiting and nausea,Take proper rest,Constipation
Headache,Crocin,Take after meal,Body pain and weakness,Consult doctor if problem continues,Sleepiness
Skin Infection,Ibuprofen,Take after meal,Head pain and stress,Take proper rest,Dry mouth
Stomach Pain,Metformin,Drink water with medicine,High temperature,Avoid spicy food,Dizziness
Eye Infection,Pain Relief Gel,Use once daily,Breathing problem,Avoid cold drinks,Constipation
Asthma,Antibiotic Cream,Use twice daily,Stomach infection,Do not overdose,Sleepiness
BP,ORS,Use once daily,Head pain and stress,Take proper rest,Constipation
Diarrhea,Metformin,Take after meal,Burning sensation,Take proper rest,Dizziness
Joint Pain,Metformin,Drink water with medicine,Head pain and stress,Take proper rest,Constipation
Diarrhea,Omeprazole,Take before meal,Body pain and weakness,Consult doctor if problem continues,Constipation
Stomach Pain,Metformin,Use twice daily,Body pain and weakness,Avoid spicy food,Nausea
Migraine,Cetirizine,Use twice daily,Breathing problem,Consult doctor if problem continues,Sleepiness
Migraine,Crocin,Take before meal,Stomach infection,Take proper rest,Dry mouth
Fever,Paracetamol,Take before meal,Body pain and weakness,Avoid cold drinks,Dry mouth
Ear Infection,Antibiotic Cream,Use once daily,High temperature,Do not overdose,Nausea
Cough,Azithromycin,Take before sleep,High temperature,Avoid spicy food,Nausea
Typhoid,Insulin,Use twice daily,Burning sensation,Avoid spicy food,Nausea
Joint Pain,Calcium Tablets,Use twice daily,High temperature,Do not overdose,Sleepiness
Ear Infection,Antacid,Take after meal,Stomach infection,Avoid cold drinks,Nausea
Diabetes,Paracetamol,Use once daily,Head pain and stress,Take proper rest,Fatigue
Headache,Cough Syrup,Use once daily,High temperature,Avoid cold drinks,Constipation
Ear Infection,Paracetamol,Take before meal,Sneezing and cough,Avoid spicy food,Sleepiness
Cough,Crocin,Take before meal,Sneezing and cough,Consult doctor if problem continues,Sleepiness
Migraine,Crocin,Drink water with medicine,Head pain and stress,Do not overdose,Dry mouth
Migraine,Cetirizine,Take before meal,Breathing problem,Do not overdose,Nausea
Headache,Antibiotic Cream,Take after meal,Head pain and stress,Do not overdose,Dry mouth
Joint Pain,ORS,Take before sleep,Sneezing and cough,Do not overdose,Fatigue
Eye Infection,Salbutamol Inhaler,Use twice daily,Body pain and weakness,Avoid cold drinks,Constipation
Vomiting,Azithromycin,Take before meal,Sneezing and cough,Avoid cold drinks,Dry mouth
Acidity,Azithromycin,Drink water with medicine,High temperature,Drink warm water,Dizziness
Typhoid,Paracetamol,Take before meal,Breathing problem,Drink warm water,Dizziness
Typhoid,Pain Relief Gel,Drink water with medicine,Stomach infection,Do not overdose,Constipation
Acidity,Cetirizine,Drink water with medicine,Vomiting and nausea,Do not overdose,Constipation
Eye Infection,Calcium Tablets,Drink water with medicine,Vomiting and nausea,Avoid spicy food,Nausea
Allergy,Metformin,Take after meal,Burning sensation,Consult doctor if problem continues,Sleepiness
Diabetes,ORS,Take after meal,Sneezing and cough,Avoid cold drinks,Dizziness
Cough,Pain Relief Gel,Take before meal,Body pain and weakness,Avoid spicy food,Dizziness
Typhoid,Azithromycin,Take before sleep,Head pain and stress,Avoid cold drinks,Sleepiness
Cold,Omeprazole,Take after meal,Stomach infection,Do not overdose,Nausea
Tooth Pain,Insulin,Use once daily,Breathing problem,Avoid cold drinks,Fatigue
Skin Infection,Omeprazole,Use twice daily,Head pain and stress,Avoid spicy food,Constipation
Skin Infection,Antacid,Take before meal,Stomach infection,Consult doctor if problem continues,Dizziness
Vomiting,Vitamin Tablets,Take before meal,Breathing problem,Avoid cold drinks,Dry mouth
Diabetes,Antibiotic Cream,Take after meal,Stomach infection,Avoid cold drinks,Nausea
Skin Infection,Omeprazole,Take before meal,Sneezing and cough,Drink warm water,Nausea
Acidity,ORS,Take after meal,Vomiting and nausea,Do not overdose,Nausea
BP,Paracetamol,Use twice daily,High temperature,Drink warm water,Dry mouth
Migraine,Calcium Tablets,Take after meal,Vomiting and nausea,Do not overdose,Fatigue
Acidity,Ibuprofen,Take before sleep,Stomach infection,Take proper rest,Nausea
Headache,Paracetamol,Take before sleep,Burning sensation,Take proper rest,Fatigue
BP,Vitamin Tablets,Use twice daily,Head pain and stress,Drink warm water,Dizziness
Asthma,Pantoprazole,Take before meal,Body pain and weakness,Do not overdose,Constipation
Tooth Pain,Antacid,Use once daily,Head pain and stress,Take proper rest,Nausea
BP,Crocin,Take after meal,Breathing problem,Avoid cold drinks,Fatigue
Asthma,Pain Relief Gel,Take before meal,Sneezing and cough,Take proper rest,Dry mouth
Cold,Amoxicillin,Take before meal,Stomach infection,Avoid spicy food,Sleepiness
Diarrhea,Antacid,Use once daily,Body pain and weakness,Avoid spicy food,Constipation
Fever,Paracetamol,Take before sleep,High temperature,Consult doctor if problem continues,Dry mouth
Allergy,Pain Relief Gel,Take before meal,Head pain and stress,Avoid spicy food,Sleepiness
Allergy,Cetirizine,Drink water with medicine,Stomach infection,Avoid spicy food,Fatigue
Ear Infection,Omeprazole,Drink water with medicine,High temperature,Consult doctor if problem continues,Sleepiness
Skin Infection,Cetirizine,Use once daily,Vomiting and nausea,Take proper rest,Sleepiness
Asthma,Pantoprazole,Use twice daily,Burning sensation,Avoid cold drinks,Fatigue
Ear Infection,Crocin,Take before meal,Head pain and stress,Avoid spicy food,Constipation
Cough,Pantoprazole,Take after meal,Sneezing and cough,Do not overdose,Dizziness
Ear Infection,Pantoprazole,Take before sleep,High temperature,Consult doctor if problem continues,Sleepiness
